fecha,cerrar,alto,bajo,abrir,volumen
,COP=X,COP=X,COP=X,COP=X,COP=X
2020-01-01,3279.760009765625,3279.760009765625,3279.760009765625,3279.760009765625,0
2020-01-02,3279.760009765625,3281.080078125,3241.714111328125,3279.760009765625,0
2020-01-03,3252.75,3266.75,3252.469970703125,3252.75,0
2020-01-06,3256.89990234375,3253.56005859375,3245.52001953125,3252.25,0
2020-01-07,3244.4599609375,3262.60009765625,3202.0107421875,3244.4599609375,0
2020-01-08,3274.25,3274.27001953125,3260.0,3274.25,0
2020-01-09,3240.25,3262.550048828125,3195.916748046875,3240.25,0
2020-01-10,3255.14990234375,3282.159912109375,3250.22998046875,3255.14990234375,0
2020-01-13,3204.046875,3296.889892578125,3227.282958984375,3270.449951171875,0
2020-01-14,3269.0,3286.3798828125,3256.02001953125,3269.0,0
2020-01-15,3286.75,3307.169921875,3242.821533203125,3286.75,0
2020-01-16,3298.39990234375,3324.780029296875,3291.52001953125,3298.39990234375,0
2020-01-17,3321.10009765625,3329.820068359375,3315.719970703125,3321.10009765625,0
2020-01-20,3330.760009765625,3330.760009765625,3285.624755859375,3330.760009765625,0
2020-01-21,3330.5,3331.25,3330.139892578125,3330.5,0
2020-01-22,3354.35009765625,3354.35009765625,3310.79931640625,3354.35009765625,0
2020-01-23,3329.75,3331.239990234375,3286.3125,3329.75,0
2020-01-24,3359.570068359375,3379.02001953125,3316.6416015625,3359.570068359375,0
2020-01-27,3363.320068359375,3364.090087890625,3363.0,3363.25,0
2020-01-28,3398.25,3399.14990234375,3355.630859375,3398.25,0
2020-01-29,3384.0,3400.280029296875,3340.57373046875,3384.75,0
2020-01-30,3385.800048828125,3414.25,3342.70849609375,3385.919921875,0
2020-01-31,3413.25,3426.9599609375,3369.313720703125,3413.25,0
2020-02-03,3418.320068359375,3418.5,3393.75,3418.27001953125,0
2020-02-04,3393.75,3394.7900390625,3351.296142578125,3393.75,0
2020-02-05,3392.6298828125,3363.800048828125,3340.56005859375,3360.35009765625,0
2020-02-06,3363.050048828125,3387.64990234375,3317.406982421875,3363.050048828125,0
2020-02-07,3378.699951171875,3417.300048828125,3334.6572265625,3378.699951171875,0
2020-02-10,3408.47998046875,3447.590087890625,3379.0,3408.47998046875,0
2020-02-11,3454.75,3454.800048828125,3422.090087890625,3454.75,0
2020-02-12,3418.60009765625,3418.60009765625,3379.14990234375,3418.60009765625,0
2020-02-13,3386.25,3394.969970703125,3342.437255859375,3386.25,0
2020-02-14,3374.800048828125,3381.800048828125,3330.518798828125,3374.800048828125,0
2020-02-17,3388.0,3394.889892578125,3388.8798828125,3389.25,0
2020-02-18,3394.610107421875,3408.449951171875,3393.7099609375,3394.610107421875,0
2020-02-19,3287.0,3408.75,3357.12939453125,3402.14990234375,0
2020-02-20,3383.75,3409.0,3383.75,3383.75,0
2020-02-21,3402.64990234375,3409.0,3394.14990234375,3402.64990234375,0
2020-02-24,3394.239990234375,3437.260009765625,3334.765869140625,3394.239990234375,0
2020-02-25,3428.4599609375,3437.699951171875,3385.28857421875,3428.4599609375,0
2020-02-26,3434.5,3444.75,3388.563720703125,3434.5,0
2020-02-27,3456.25,3518.489990234375,3412.22314453125,3456.25,0
2020-02-28,3500.25,3500.25,3454.969482421875,3500.25,0
2020-03-02,3498.56005859375,3544.8798828125,3479.777099609375,3498.56005859375,0
2020-03-03,3458.25,3460.89990234375,3417.10009765625,3458.25,0
2020-03-04,3460.25,3482.56005859375,3418.788818359375,3460.25,0
2020-03-05,3478.239990234375,3478.239990234375,3475.239990234375,3478.239990234375,0
2020-03-06,3540.25,3592.64990234375,3499.973388671875,3540.25,0
2020-03-09,3587.5,3587.5,3548.00146484375,3587.5,0
2020-03-10,3803.25,3832.239990234375,3751.199951171875,3803.25,0
2020-03-11,3763.25,3763.27001953125,3547.00146484375,3548.00146484375,0
2020-03-12,3743.3505859375,4039.0,3723.872314453125,3890.5,0
2020-03-13,4023.25,4024.0,3898.25,4023.25,0
2020-03-16,3975.239990234375,4153.8701171875,3982.957763671875,4021.260009765625,0
2020-03-17,4078.25,4078.25,4019.25,4078.25,0
2020-03-18,3996.75,4153.0,3952.110595703125,3996.75,0
2020-03-19,4156.25,4174.0,4144.0,4156.25,0
2020-03-20,4087.0,4089.489990234375,4032.260009765625,4087.25,0
2020-03-23,4118.75,4138.919921875,4111.419921875,4118.75,0
2020-03-24,4174.75,4174.759765625,4174.490234375,4174.75,0
2020-03-25,4174.490234375,4110.1298828125,4063.421630859375,4110.1298828125,0
2020-03-26,4064.260009765625,4065.219970703125,4025.667236328125,4064.260009765625,0
2020-03-27,3980.0,4059.39990234375,3936.135009765625,3979.25,0
2020-03-30,3893.483154296875,4087.25,3900.495361328125,4023.25,0
2020-03-31,4061.550048828125,4066.75,4026.840087890625,4061.550048828125,0
2020-04-01,4057.25,4057.35009765625,4057.219970703125,4057.25,0
2020-04-02,4084.5,4088.7900390625,4041.451416015625,4084.5,0
2020-04-03,4038.260009765625,4038.260009765625,3993.111083984375,4038.260009765625,0
2020-04-06,4027.25,4027.25,3965.330078125,4027.25,0
2020-04-07,3979.25,3980.760009765625,3882.679931640625,3979.25,0
2020-04-08,3906.27001953125,3906.760009765625,3872.77001953125,3906.27001953125,0
2020-04-09,3897.25,3897.25,3847.5400390625,3897.25,0
2020-04-10,3827.0,3828.68994140625,3825.25,3828.68994140625,0
2020-04-13,3825.25,3879.25,3818.40087890625,3825.25,0
2020-04-14,3865.75,3872.25,3826.5166015625,3865.75,0
2020-04-15,3847.260009765625,3929.830078125,3842.0,3847.260009765625,0
2020-04-16,3910.260009765625,3936.14990234375,3910.260009765625,3910.260009765625,0
2020-04-17,3972.760009765625,3992.0,3930.80224609375,3972.760009765625,0
2020-04-20,3933.25,3995.77001953125,3933.25,3933.25,0
2020-04-21,3974.85009765625,4052.409912109375,3931.75732421875,3974.85009765625,0
2020-04-22,4045.77001953125,4050.0400390625,4041.0,4045.77001953125,0
2020-04-23,4026.0,4032.25,4006.030029296875,4029.25,0
2020-04-24,4020.239990234375,4043.110107421875,4018.93994140625,4020.239990234375,0
2020-04-27,4039.75,4040.219970703125,4039.0,4039.75,0
2020-04-28,4033.68994140625,4058.820068359375,4015.165283203125,4033.68994140625,0
2020-04-29,4033.2099609375,4036.2099609375,4028.0,4033.2099609375,0
2020-04-30,3919.0,3969.760009765625,3875.802978515625,3969.760009765625,0
2020-05-01,3952.75,3955.5,3952.0,3952.75,0
2020-05-04,3954.489990234375,3954.5400390625,3912.419189453125,3954.489990234375,0
2020-05-05,3986.909912109375,3990.0,3986.81005859375,3986.909912109375,0
2020-05-06,3925.75,3959.2099609375,3925.0,3925.75,0
2020-05-07,3961.52001953125,3963.0,3914.760009765625,3961.52001953125,0
2020-05-08,3919.090087890625,3919.3798828125,3917.0,3919.090087890625,0
2020-05-11,3894.75,3894.75,3890.60009765625,3894.75,0
2020-05-12,3896.010009765625,3896.260009765625,3851.101318359375,3896.010009765625,0
2020-05-13,3883.0,3900.0,3839.87255859375,3881.580078125,0
2020-05-14,3906.260009765625,3952.06005859375,3869.52294921875,3906.260009765625,0
2020-05-15,3940.260009765625,3950.0,3922.429931640625,3940.260009765625,0
2020-05-18,3911.25,3911.25,3838.75,3911.25,0
2020-05-19,3851.25,3852.639892578125,3808.677001953125,3851.25,0
2020-05-20,3831.25,3834.3701171875,3792.389892578125,3831.25,0
2020-05-21,3815.389892578125,3815.389892578125,3769.28076171875,3815.389892578125,0
2020-05-22,3769.0400390625,3769.050048828125,3761.469970703125,3769.0400390625,0
2020-05-25,3773.280029296875,3776.7099609375,3729.847900390625,3773.280029296875,0
2020-05-26,3776.7099609375,3776.7099609375,3771.0,3776.7099609375,0
2020-05-27,3729.75,3750.25,3729.0,3729.75,0
2020-05-28,3733.75,3735.219970703125,3690.492919921875,3733.75,0
2020-05-29,3698.260009765625,3711.39990234375,3653.401611328125,3698.260009765625,0
2020-06-01,3728.25,3728.25,3725.239990234375,3728.25,0
2020-06-02,3710.0,3725.239990234375,3661.0,3725.239990234375,0
2020-06-03,3634.68994140625,3634.68994140625,3564.93994140625,3632.0,0
2020-06-04,3605.25,3606.25,3562.926513671875,3605.25,0
2020-06-05,3586.739990234375,3586.75,3553.0,3586.739990234375,0
2020-06-08,3571.449951171875,3596.0,3528.25341796875,3571.449951171875,0
2020-06-09,3608.239990234375,3636.2900390625,3604.239990234375,3608.239990234375,0
2020-06-10,3655.75,3683.239990234375,3652.239990234375,3655.75,0
2020-06-11,3670.0,3745.89990234375,3669.25,3671.739990234375,0
2020-06-12,3768.0,3774.760009765625,3749.02001953125,3771.25,0
2020-06-15,3776.75,3781.469970703125,3776.75,3776.75,0
2020-06-16,3773.0,3780.25,3723.8798828125,3780.25,0
2020-06-17,3745.35009765625,3773.0,3701.069091796875,3745.35009765625,0
2020-06-18,3746.0400390625,3762.72998046875,3744.75,3746.0400390625,0
2020-06-19,3748.75,3749.449951171875,3725.0,3748.75,0
2020-06-22,3746.25,3747.739990234375,3733.0,3746.25,0
2020-06-23,3725.75,3726.0,3696.60009765625,3725.75,0
2020-06-24,3699.75,3727.550048828125,3699.75,3699.75,0
2020-06-25,3727.25,3740.4599609375,3676.410400390625,3727.25,0
2020-06-26,3730.25,3730.25,3686.211669921875,3730.25,0
2020-06-29,3727.510009765625,3749.25,3727.510009765625,3727.510009765625,0
2020-06-30,3743.75,3774.0,3732.330078125,3743.75,0
2020-07-01,3756.25,3768.0,3698.7216796875,3756.25,0
2020-07-02,3713.75,3713.75,3671.298095703125,3713.75,0
2020-07-03,3644.239990234375,3648.4599609375,3601.470458984375,3644.239990234375,0
2020-07-06,3648.300048828125,3648.300048828125,3605.685302734375,3648.300048828125,0
2020-07-07,3633.469970703125,3636.949951171875,3623.52001953125,3633.469970703125,0
2020-07-08,3624.35009765625,3631.780029296875,3616.919921875,3624.35009765625,0
2020-07-09,3639.35009765625,3643.260009765625,3596.645751953125,3639.35009765625,0
2020-07-10,3621.699951171875,3621.699951171875,3577.414794921875,3621.699951171875,0
2020-07-13,3621.360107421875,3621.3701171875,3604.77001953125,3621.360107421875,0
2020-07-14,3615.739990234375,3642.39111328125,3618.11328125,3620.725830078125,0
2020-07-15,3622.25,3622.25,3600.949951171875,3622.25,0
2020-07-16,3622.10009765625,3627.75,3619.35009765625,3622.10009765625,0
2020-07-17,3638.969970703125,3646.929931640625,3621.0,3638.969970703125,0
2020-07-20,3651.35009765625,3651.52001953125,3649.35009765625,3651.35009765625,0
2020-07-21,3649.75,3650.830078125,3624.719970703125,3649.75,0
2020-07-22,3613.25,3631.360107421875,3613.239990234375,3613.25,0
2020-07-23,3633.669921875,3657.0,3633.669921875,3633.669921875,0
2020-07-24,3666.949951171875,3692.64990234375,3624.218994140625,3666.949951171875,0
2020-07-27,3689.449951171875,3692.39990234375,3669.47998046875,3689.449951171875,0
2020-07-28,3673.75,3732.77001953125,3632.561279296875,3673.75,0
2020-07-29,3721.070068359375,3724.419921875,3628.6201171875,3721.070068359375,0
2020-07-30,3704.14990234375,3704.14990234375,3662.77978515625,3704.14990234375,0
2020-07-31,3720.35009765625,3735.909912109375,3718.25,3720.35009765625,0
2020-08-03,3731.580078125,3768.360107421875,3730.949951171875,3731.580078125,0
2020-08-04,3768.35009765625,3789.0,3764.9599609375,3768.35009765625,0
2020-08-05,3780.25,3783.989990234375,3773.6201171875,3780.25,0
2020-08-06,3773.75,3786.0400390625,3762.39990234375,3773.75,0
2020-08-07,3740.75,3747.969970703125,3739.840087890625,3740.75,0
2020-08-10,3761.199951171875,3776.590087890625,3700.10009765625,3761.199951171875,0
2020-08-11,3770.320068359375,3775.89990234375,3742.1298828125,3770.320068359375,0
2020-08-12,3741.239990234375,3760.919921875,3698.3154296875,3741.239990234375,0
2020-08-13,3754.25,3774.050048828125,3715.077880859375,3754.25,0
2020-08-14,3770.25,3785.830078125,3728.724609375,3770.25,0
2020-08-17,3787.8798828125,3791.25,3747.436767578125,3787.8798828125,0
2020-08-18,3791.260009765625,3793.25,3778.18994140625,3791.260009765625,0
2020-08-19,3781.75,3785.030029296875,3740.682861328125,3781.75,0
2020-08-20,3755.5,3796.6298828125,3717.50830078125,3755.5,0
2020-08-21,3802.25,3832.47998046875,3763.483154296875,3802.25,0
2020-08-24,3834.25,3849.60009765625,3818.409912109375,3834.25,0
2020-08-25,3854.75,3870.25,3850.159912109375,3854.75,0
2020-08-26,3866.14990234375,3872.739990234375,3824.272216796875,3866.14990234375,0
2020-08-27,3833.800048828125,3837.35009765625,3800.68505859375,3833.800048828125,0
2020-08-28,3814.679931640625,3817.679931640625,3754.050048828125,3814.679931640625,0
2020-08-31,3743.75,3749.260009765625,3731.110107421875,3743.75,0
2020-09-01,3738.699951171875,3738.699951171875,3673.06005859375,3738.699951171875,0
2020-09-02,3674.10009765625,3685.260009765625,3642.52001953125,3674.10009765625,0
2020-09-03,3656.25,3666.6298828125,3617.528564453125,3656.25,0
2020-09-04,3668.10009765625,3713.72998046875,3647.331787109375,3668.10009765625,0
2020-09-07,3713.260009765625,3713.260009765625,3672.768310546875,3713.260009765625,0
2020-09-08,3713.25,3763.89990234375,3712.8701171875,3713.25,0
2020-09-09,3737.260009765625,3737.260009765625,3709.679931640625,3737.260009765625,0
2020-09-10,3712.159912109375,3714.159912109375,3673.760009765625,3712.159912109375,0
2020-09-11,3708.25,3723.77001953125,3687.530029296875,3708.25,0
2020-09-14,3703.760009765625,3720.280029296875,3663.654052734375,3703.760009765625,0
2020-09-15,3686.919921875,3690.159912109375,3668.550048828125,3686.919921875,0
2020-09-16,3698.360107421875,3717.449951171875,3668.127685546875,3698.360107421875,0
2020-09-17,3684.25,3714.169921875,3684.25,3684.25,0
2020-09-18,3713.3701171875,3730.419921875,3672.497314453125,3713.3701171875,0
2020-09-21,3728.260009765625,3799.9599609375,3728.0,3728.260009765625,0
2020-09-22,3787.0,3828.97998046875,3776.02001953125,3786.75,0
2020-09-23,3825.89990234375,3825.89990234375,3784.921875,3825.89990234375,0
2020-09-24,3824.27001953125,3906.419921875,3817.36865234375,3824.27001953125,0
2020-09-25,3825.25,3874.280029296875,3784.610107421875,3825.25,0
2020-09-28,3885.25,3885.39990234375,3830.39990234375,3885.25,0
2020-09-29,3871.25,3882.860107421875,3861.949951171875,3871.25,0
2020-09-30,3885.199951171875,3904.25,3843.219970703125,3885.199951171875,0
2020-10-01,3825.25,3856.14990234375,3781.54150390625,3825.25,0
2020-10-02,3843.75,3900.1201171875,3803.465087890625,3843.75,0
2020-10-05,3870.25,3870.25,3828.656005859375,3870.25,0
2020-10-06,3827.840087890625,3834.590087890625,3807.659912109375,3827.840087890625,0
2020-10-07,3831.25,3847.25,3790.002685546875,3831.25,0
2020-10-08,3842.449951171875,3845.719970703125,3829.0400390625,3842.449951171875,0
2020-10-09,3837.75,3837.75,3797.552001953125,3837.75,0
2020-10-12,3826.25,3833.110107421875,3824.590087890625,3826.25,0
2020-10-13,3826.25,3860.3798828125,3823.0,3826.25,0
2020-10-14,3860.25,3860.25,3839.25,3860.25,0
2020-10-15,3837.25,3859.75,3797.090087890625,3837.25,0
2020-10-16,3848.5,3848.5,3806.830078125,3848.5,0
2020-10-19,3846.35009765625,3847.489990234375,3805.541748046875,3846.35009765625,0
2020-10-20,3843.0,3843.830078125,3797.248291015625,3843.0,0
2020-10-21,3823.25,3826.75,3779.080078125,3823.25,0
2020-10-22,3764.75,3787.260009765625,3754.85009765625,3764.75,0
2020-10-23,3782.25,3788.489990234375,3770.449951171875,3782.25,0
2020-10-26,3787.75,3815.179931640625,3785.60009765625,3787.75,0
2020-10-27,3813.10009765625,3815.050048828125,3800.25,3813.10009765625,0
2020-10-28,3807.85009765625,3851.179931640625,3767.84912109375,3807.85009765625,0
2020-10-29,3828.25,3847.10009765625,3828.25,3828.25,0
2020-10-30,3859.5,3860.6298828125,3848.0400390625,3859.5,0
2020-11-02,3888.0,3888.0,3863.429931640625,3868.60009765625,0
2020-11-03,3867.60009765625,3867.60009765625,3812.169921875,3867.60009765625,0
2020-11-04,3817.75,3819.93994140625,3774.10205078125,3817.75,0
2020-11-05,3814.070068359375,3814.070068359375,3753.10009765625,3814.070068359375,0
2020-11-06,3752.25,3767.3701171875,3722.8798828125,3752.25,0
2020-11-09,3721.25,3721.25,3621.0,3721.25,0
2020-11-10,3647.4599609375,3670.06005859375,3604.873291015625,3647.4599609375,0
2020-11-11,3647.0,3642.0,3589.582275390625,3629.75,0
2020-11-12,3637.25,3664.8701171875,3631.070068359375,3637.25,0
2020-11-13,3642.300048828125,3647.070068359375,3630.780029296875,3642.300048828125,0
2020-11-16,3640.0,3643.43994140625,3633.25,3641.64990234375,0
2020-11-17,3642.64990234375,3649.2099609375,3603.08544921875,3642.64990234375,0
2020-11-18,3642.75,3652.68994140625,3632.2099609375,3642.75,0
2020-11-19,3641.75,3653.699951171875,3601.305908203125,3641.75,0
2020-11-20,3648.199951171875,3663.050048828125,3603.760009765625,3648.199951171875,0
2020-11-23,3631.199951171875,3647.0,3610.760009765625,3631.199951171875,0
2020-11-24,3645.800048828125,3650.820068359375,3605.431640625,3645.800048828125,0
2020-11-25,3634.25,3640.8701171875,3609.93994140625,3634.25,0
2020-11-26,3615.949951171875,3621.280029296875,3576.1337890625,3615.949951171875,0
2020-11-27,3615.949951171875,3622.699951171875,3575.6640625,3615.949951171875,0
2020-11-30,3605.14990234375,3605.14990234375,3562.7255859375,3605.14990234375,0
2020-12-01,3594.5,3594.510009765625,3542.929931640625,3594.5,0
2020-12-02,3546.75,3560.840087890625,3508.74560546875,3546.75,0
2020-12-03,3520.27001953125,3523.280029296875,3469.93994140625,3520.27001953125,0
2020-12-04,3466.75,3475.929931640625,3427.52880859375,3466.75,0
2020-12-07,3464.0,3494.14990234375,3426.08203125,3464.25,0
2020-12-08,3488.25,3496.47998046875,3481.719970703125,3488.25,0
2020-12-09,3488.75,3491.219970703125,3452.89990234375,3488.75,0
2020-12-10,3474.75,3479.699951171875,3429.070068359375,3474.75,0
2020-12-11,3418.699951171875,3439.1298828125,3379.980712890625,3418.699951171875,0
2020-12-14,3436.35009765625,3436.35009765625,3397.737060546875,3436.35009765625,0
2020-12-15,3426.25,3431.43994140625,3414.110107421875,3426.25,0
2020-12-16,3417.949951171875,3420.909912109375,3379.288330078125,3417.949951171875,0
2020-12-17,3418.860107421875,3418.860107421875,3373.90625,3418.860107421875,0
2020-12-18,3412.35009765625,3424.679931640625,3372.37841796875,3412.35009765625,0
2020-12-21,3417.75,3473.050048828125,3376.00439453125,3417.75,0
2020-12-22,3429.25,3451.300048828125,3390.70556640625,3429.25,0
2020-12-23,3463.25,3493.510009765625,3424.139404296875,3463.25,0
2020-12-24,3498.25,3507.179931640625,3482.260009765625,3498.25,0
2020-12-25,3503.25,3513.25,3503.25,3503.25,0
2020-12-28,3513.25,3513.25,3474.107177734375,3503.25,0
2020-12-29,3498.25,3503.25,3458.41162109375,3498.25,0
2020-12-30,3472.75,3472.75,3413.25,3472.75,0
2020-12-31,3420.25,3478.0,3380.57421875,3424.3134765625,0
2021-01-01,3420.25,3420.25,3420.25,3420.25,0
2021-01-04,3420.25,3438.090087890625,3381.98681640625,3420.25,0
2021-01-05,3447.75,3467.550048828125,3428.679931640625,3447.75,0
2021-01-06,3442.25,3442.25,3401.04638671875,3442.25,0
2021-01-07,3412.800048828125,3477.570068359375,3374.59912109375,3412.800048828125,0
2021-01-08,3488.239990234375,3497.1298828125,3449.190673828125,3488.239990234375,0
2021-01-11,3456.441650390625,3521.949951171875,3467.14990234375,3467.14990234375,0
2021-01-12,3499.25,3499.25,3459.108154296875,3499.25,0
2021-01-13,3475.25,3487.580078125,3467.590087890625,3475.25,0
2021-01-14,3475.5400390625,3480.27001953125,3436.100830078125,3475.5400390625,0
2021-01-15,3444.68994140625,3475.159912109375,3405.7666015625,3444.68994140625,0
2021-01-18,3417.6083984375,3479.89990234375,3416.957763671875,3460.360107421875,0
2021-01-19,3476.260009765625,3494.449951171875,3453.60009765625,3476.260009765625,0
2021-01-20,3489.909912109375,3489.909912109375,3464.590087890625,3489.909912109375,0
2021-01-21,3465.260009765625,3482.0400390625,3424.73974609375,3465.260009765625,0
2021-01-22,3480.0400390625,3534.300048828125,3442.357666015625,3480.0400390625,0
2021-01-25,3525.9599609375,3607.219970703125,3486.938232421875,3525.9599609375,0
2021-01-26,3586.260009765625,3603.75,3545.228515625,3586.260009765625,0
2021-01-27,3611.760009765625,3661.72998046875,3608.18994140625,3611.760009765625,0
2021-01-28,3604.260009765625,3629.510009765625,3563.409912109375,3604.260009765625,0
2021-01-29,3558.260009765625,3577.800048828125,3514.4462890625,3558.260009765625,0
2021-02-01,3567.260009765625,3572.97998046875,3519.127197265625,3567.260009765625,0
2021-02-02,3571.260009765625,3571.260009765625,3509.550048828125,3571.260009765625,0
2021-02-03,3527.0,3534.050048828125,3489.6328125,3527.4599609375,0
2021-02-04,3533.9599609375,3574.31005859375,3492.33740234375,3533.9599609375,0
2021-02-05,3556.43994140625,3556.43994140625,3516.5908203125,3556.43994140625,0
2021-02-08,3553.75,3564.75,3500.010498046875,3553.75,0
2021-02-09,3569.25,3591.0400390625,3530.626953125,3569.25,0
2021-02-10,3574.550048828125,3584.75,3536.945556640625,3574.550048828125,0
2021-02-11,3557.75,3557.75,3516.469970703125,3557.75,0
2021-02-12,3524.75,3536.7900390625,3485.75341796875,3524.75,0
2021-02-15,3494.75,3496.25,3457.056884765625,3494.75,0
2021-02-16,3494.75,3524.030029296875,3491.239990234375,3494.75,0
2021-02-17,3525.080078125,3562.830078125,3479.666748046875,3525.080078125,0
2021-02-18,3526.449951171875,3546.64990234375,3487.98486328125,3526.449951171875,0
2021-02-19,3545.580078125,3559.330078125,3506.381103515625,3545.580078125,0
2021-02-22,3511.893310546875,3619.25,3530.61376953125,3570.050048828125,0
2021-02-23,3591.75,3594.97998046875,3552.474609375,3591.75,0
2021-02-24,3592.75,3592.75,3552.552734375,3592.75,0
2021-02-25,3563.25,3598.8798828125,3562.0,3563.25,0
2021-02-26,3608.699951171875,3643.010009765625,3568.09033203125,3608.699951171875,0
2021-03-01,3645.25,3645.260009765625,3574.672607421875,3645.25,0
2021-03-02,3617.75,3660.25,3578.95263671875,3617.75,0
2021-03-03,3654.75,3679.8701171875,3651.4599609375,3654.75,0
2021-03-04,3680.0,3679.340087890625,3631.4599609375,3679.340087890625,0
2021-03-05,3643.14990234375,3668.610107421875,3601.28662109375,3643.14990234375,0
2021-03-08,3633.39990234375,3654.429931640625,3602.75,3633.39990234375,0
2021-03-09,3602.949951171875,3610.0,3562.931640625,3602.949951171875,0
2021-03-10,3590.75,3592.260009765625,3548.72998046875,3590.75,0
2021-03-11,3551.0,3551.0,3511.766845703125,3551.0,0
2021-03-12,3554.25,3585.22998046875,3512.43896484375,3554.25,0
2021-03-15,3503.31494140625,3585.5400390625,3509.7158203125,3574.25,0
2021-03-16,3557.25,3559.64990234375,3517.264404296875,3557.25,0
2021-03-17,3557.75,3579.110107421875,3556.22998046875,3557.75,0
2021-03-18,3569.25,3589.4599609375,3527.826171875,3569.25,0
2021-03-19,3545.0,3559.669921875,3536.449951171875,3545.35009765625,0
2021-03-22,3510.593017578125,3557.64990234375,3511.420166015625,3557.14990234375,0
2021-03-23,3557.64990234375,3599.719970703125,3553.25,3557.64990234375,0
2021-03-24,3617.75,3639.75,3607.25,3617.75,0
2021-03-25,3647.64990234375,3666.47998046875,3646.5,3647.64990234375,0
2021-03-26,3666.25,3674.909912109375,3639.60009765625,3666.25,0
2021-03-29,3688.139892578125,3713.25,3649.143798828125,3688.139892578125,0
2021-03-30,3717.239990234375,3749.340087890625,3676.4091796875,3717.239990234375,0
2021-03-31,3728.25,3728.25,3665.75,3728.25,0
2021-04-01,3659.949951171875,3672.0,3619.530517578125,3659.949951171875,0
2021-04-02,3659.949951171875,3659.949951171875,3653.75,3659.949951171875,0
2021-04-05,3659.949951171875,3659.949951171875,3615.2177734375,3659.949951171875,0
2021-04-06,3672.25,3672.25,3631.84423828125,3672.25,0
2021-04-07,3634.75,3656.56005859375,3596.04443359375,3634.75,0
2021-04-08,3652.840087890625,3652.840087890625,3612.3076171875,3652.840087890625,0
2021-04-09,3627.300048828125,3651.419921875,3584.540771484375,3627.300048828125,0
2021-04-12,3657.75,3657.75,3617.90478515625,3657.75,0
2021-04-13,3663.25,3673.5400390625,3622.85498046875,3663.25,0
2021-04-14,3667.0,3678.8798828125,3626.841552734375,3666.75,0
2021-04-15,3655.050048828125,3655.050048828125,3611.550048828125,3655.050048828125,0
2021-04-16,3610.25,3618.75,3570.21923828125,3610.25,0
2021-04-19,3573.736572265625,3612.070068359375,3574.646728515625,3576.54345703125,0
2021-04-20,3625.25,3641.75,3584.57373046875,3625.25,0
2021-04-21,3641.25,3649.840087890625,3636.97998046875,3641.25,0
2021-04-22,3612.25,3635.469970703125,3571.57080078125,3612.25,0
2021-04-23,3633.60009765625,3649.280029296875,3626.830078125,3633.60009765625,0
2021-04-26,3626.75,3662.4599609375,3587.610107421875,3626.75,0
2021-04-27,3693.260009765625,3730.25,3594.031005859375,3693.260009765625,0
2021-04-28,3716.0,3721.820068359375,3676.32568359375,3716.5,0
2021-04-29,3694.260009765625,3725.27001953125,3653.877197265625,3694.260009765625,0
2021-04-30,3713.360107421875,3745.9599609375,3672.550537109375,3713.360107421875,0
2021-05-03,3751.56005859375,3828.550048828125,3711.766845703125,3751.56005859375,0
2021-05-04,3803.199951171875,3842.300048828125,3762.44873046875,3803.199951171875,0
2021-05-05,3827.75,3860.239990234375,3812.090087890625,3827.75,0
2021-05-06,3849.260009765625,3854.570068359375,3776.610107421875,3849.260009765625,0
2021-05-07,3801.0,3802.260009765625,3755.320068359375,3802.260009765625,0
2021-05-10,3748.260009765625,3749.75,3707.14990234375,3748.260009765625,0
2021-05-11,3705.06005859375,3724.780029296875,3665.60595703125,3705.06005859375,0
2021-05-12,3710.260009765625,3739.199951171875,3670.253662109375,3710.260009765625,0
2021-05-13,3748.760009765625,3750.010009765625,3708.28125,3748.760009765625,0
2021-05-14,3719.360107421875,3720.68994140625,3670.949951171875,3719.360107421875,0
2021-05-17,3683.760009765625,3687.25,3645.054931640625,3683.760009765625,0
2021-05-18,3683.760009765625,3684.300048828125,3644.090087890625,3683.760009765625,0
2021-05-19,3658.260009765625,3692.159912109375,3620.005126953125,3658.260009765625,0
2021-05-20,3683.199951171875,3734.860107421875,3642.302734375,3683.199951171875,0
2021-05-21,3717.050048828125,3733.3701171875,3678.622802734375,3717.050048828125,0
2021-05-24,3745.25,3764.3701171875,3706.612060546875,3745.25,0
2021-05-25,3732.75,3736.2099609375,3691.916015625,3732.75,0
2021-05-26,3737.75,3756.18994140625,3700.67578125,3737.75,0
2021-05-27,3741.25,3743.1298828125,3702.26220703125,3741.25,0
2021-05-28,3719.9599609375,3730.75,3679.755615234375,3719.9599609375,0
2021-05-31,3706.25,3706.25,3667.35986328125,3706.25,0
2021-06-01,3706.25,3706.25,3662.18994140625,3706.25,0
2021-06-02,3664.550048828125,3664.550048828125,3624.8798828125,3664.550048828125,0
2021-06-03,3651.75,3666.9599609375,3642.47998046875,3651.75,0
2021-06-04,3659.25,3659.25,3593.800048828125,3659.25,0
2021-06-07,3605.75,3613.27001953125,3603.070068359375,3605.75,0
2021-06-08,3605.75,3609.360107421875,3564.6572265625,3605.75,0
2021-06-09,3592.85009765625,3592.85009765625,3553.49609375,3592.85009765625,0
2021-06-10,3587.179931640625,3605.27001953125,3547.2607421875,3587.179931640625,0
2021-06-11,3602.489990234375,3619.219970703125,3592.300048828125,3602.489990234375,0
2021-06-14,3652.75,3656.64990234375,3614.097900390625,3652.75,0
2021-06-15,3652.75,3665.25,3612.974609375,3613.6357421875,0
2021-06-16,3696.25,3701.199951171875,3656.771240234375,3696.25,0
2021-06-17,3672.25,3735.14990234375,3631.845703125,3672.25,0
2021-06-18,3727.25,3757.159912109375,3687.671875,3727.25,0
2021-06-21,3767.25,3767.25,3726.66796875,3767.25,0
2021-06-22,3758.300048828125,3787.25,3717.5537109375,3758.300048828125,0
2021-06-23,3780.35009765625,3784.949951171875,3739.755126953125,3780.35009765625,0
2021-06-24,3782.300048828125,3782.300048828125,3741.785888671875,3782.300048828125,0
2021-06-25,3764.5,3772.25,3724.0,3764.5,0
2021-06-28,3726.058349609375,3749.820068359375,3701.75,3725.12255859375,0
2021-06-29,3701.25,3755.56005859375,3700.0,3701.25,0
2021-06-30,3765.75,3768.760009765625,3726.9140625,3765.75,0
2021-07-01,3748.25,3778.469970703125,3708.073486328125,3708.073486328125,0
2021-07-02,3776.0,3796.199951171875,3734.73193359375,3776.25,0
2021-07-05,3740.25,3740.25,3699.519287109375,3740.25,0
2021-07-06,3740.25,3796.75,3699.60595703125,3740.25,0
2021-07-07,3777.75,3826.64990234375,3776.429931640625,3777.75,0
2021-07-08,3828.0,3858.85009765625,3746.485595703125,3830.25,0
2021-07-09,3839.25,3851.0,3798.084228515625,3839.25,0
2021-07-12,3829.25,3835.39990234375,3787.620361328125,3829.25,0
2021-07-13,3820.35009765625,3835.14990234375,3781.4990234375,3820.35009765625,0
2021-07-14,3821.449951171875,3821.449951171875,3779.02783203125,3821.449951171875,0
2021-07-15,3792.27001953125,3813.419921875,3751.3115234375,3792.27001953125,0
2021-07-16,3803.0,3818.340087890625,3773.927001953125,3814.27001953125,0
2021-07-19,3815.85009765625,3848.43994140625,3775.028564453125,3815.85009765625,0
2021-07-20,3768.54833984375,3844.85009765625,3793.51318359375,3833.75,0
2021-07-21,3833.75,3868.2099609375,3792.4912109375,3833.75,0
2021-07-22,3853.25,3876.4599609375,3814.020263671875,3853.25,0
2021-07-23,3868.449951171875,3876.050048828125,3827.069091796875,3868.449951171875,0
2021-07-26,3887.25,3913.719970703125,3876.0,3887.25,0
2021-07-27,3909.0,3921.64990234375,3871.5341796875,3911.75,0
2021-07-28,3930.25,3932.280029296875,3888.570068359375,3930.25,0
2021-07-29,3871.75,3873.7099609375,3827.43994140625,3871.75,0
2021-07-30,3845.85009765625,3866.3701171875,3805.294921875,3845.85009765625,0
2021-08-02,3876.25,3928.0,3835.320068359375,3876.25,0
2021-08-03,3889.75,3922.429931640625,3849.46044921875,3889.75,0
2021-08-04,3908.0,3921.75,3868.11865234375,3908.0,0
2021-08-05,3901.25,3915.25,3861.56591796875,3901.25,0
2021-08-06,3916.25,3932.550048828125,3912.35009765625,3916.25,0
2021-08-09,3965.35009765625,3992.669921875,3923.78369140625,3965.35009765625,0
2021-08-10,3995.60009765625,4005.75,3955.61083984375,3995.60009765625,0
2021-08-11,3966.25,3966.25,3926.06201171875,3966.25,0
2021-08-12,3940.449951171875,3944.10009765625,3875.25,3940.449951171875,0
2021-08-13,3857.25,3857.25,3815.8251953125,3857.25,0
2021-08-16,3840.449951171875,3846.159912109375,3839.179931640625,3840.449951171875,0
2021-08-17,3840.449951171875,3872.75,3799.98046875,3840.449951171875,0
2021-08-18,3878.25,3884.89990234375,3837.2841796875,3878.25,0
2021-08-19,3849.75,3880.050048828125,3807.455810546875,3849.75,0
2021-08-20,3868.64990234375,3885.25,3829.21875,3868.64990234375,0
2021-08-23,3870.25,3874.739990234375,3846.889892578125,3870.25,0
2021-08-24,3880.199951171875,3880.199951171875,3837.172607421875,3880.199951171875,0
2021-08-25,3865.25,3875.449951171875,3825.28369140625,3865.25,0
2021-08-26,3863.75,3878.25,3822.949951171875,3863.75,0
2021-08-27,3866.0,3866.0,3821.75,3866.0,0
2021-08-30,3827.260009765625,3831.06005859375,3786.6591796875,3827.260009765625,0
2021-08-31,3815.0,3815.0,3759.75,3815.0,0
2021-09-01,3767.39990234375,3771.780029296875,3737.260009765625,3767.39990234375,0
2021-09-02,3758.25,3782.18994140625,3718.540283203125,3758.25,0
2021-09-03,3793.25,3805.199951171875,3751.92138671875,3793.25,0
2021-09-06,3798.25,3798.25,3757.743408203125,3798.25,0
2021-09-07,3757.743408203125,3818.449951171875,3798.1201171875,3798.25,0
2021-09-08,3798.25,3819.25,3796.449951171875,3798.25,0
2021-09-09,3815.800048828125,3831.330078125,3811.25,3815.800048828125,0
2021-09-10,3841.949951171875,3842.949951171875,3801.224609375,3841.949951171875,0
2021-09-13,3833.25,3868.0,3792.346435546875,3833.25,0
2021-09-14,3828.85009765625,3833.550048828125,3786.3583984375,3828.85009765625,0
2021-09-15,3828.739990234375,3833.25,3788.017822265625,3828.739990234375,0
2021-09-16,3813.25,3825.14990234375,3771.74755859375,3813.25,0
2021-09-17,3815.419921875,3836.050048828125,3776.903076171875,3815.419921875,0
2021-09-20,3825.75,3857.360107421875,3824.889892578125,3825.75,0
2021-09-21,3842.25,3847.919921875,3830.0,3842.25,0
2021-09-22,3835.5,3836.25,3826.580078125,3835.5,0
2021-09-23,3831.919921875,3839.25,3826.75,3831.919921875,0
2021-09-24,3832.25,3847.8798828125,3830.919921875,3832.25,0
2021-09-27,3834.9599609375,3841.14990234375,3831.050048828125,3834.9599609375,0
2021-09-28,3839.580078125,3844.35009765625,3836.3701171875,3839.580078125,0
2021-09-29,3835.580078125,3841.580078125,3821.64990234375,3835.580078125,0
2021-09-30,3834.25,3834.25,3792.860595703125,3834.25,0
2021-10-01,3808.6201171875,3808.6201171875,3777.72998046875,3808.6201171875,0
2021-10-04,3788.25,3791.60009765625,3746.843017578125,3788.25,0
2021-10-05,3788.25,3802.449951171875,3745.683837890625,3788.25,0
2021-10-06,3781.75,3801.719970703125,3738.44482421875,3781.75,0
2021-10-07,3785.580078125,3785.580078125,3762.780029296875,3785.580078125,0
2021-10-08,3770.580078125,3773.0,3761.25,3770.580078125,0
2021-10-11,3765.14990234375,3767.31005859375,3754.050048828125,3765.14990234375,0
2021-10-12,3751.25,3765.60009765625,3737.02001953125,3751.25,0
2021-10-13,3724.580078125,3731.1201171875,3711.75,3724.580078125,0
2021-10-14,3738.25,3753.3798828125,3734.25,3738.25,0
2021-10-15,3761.580078125,3783.050048828125,3756.35009765625,3761.580078125,0
2021-10-18,3761.919921875,3772.25,3756.25,3761.919921875,0
2021-10-19,3767.25,3768.550048828125,3726.2578125,3767.25,0
2021-10-20,3765.050048828125,3774.280029296875,3723.628662109375,3765.050048828125,0
2021-10-21,3766.340087890625,3786.14990234375,3765.31005859375,3766.340087890625,0
2021-10-22,3779.25,3786.949951171875,3736.1552734375,3779.25,0
2021-10-25,3766.25,3771.860107421875,3724.863525390625,3766.25,0
2021-10-26,3765.25,3777.25,3723.807373046875,3765.25,0
2021-10-27,3769.75,3769.75,3727.660400390625,3769.75,0
2021-10-28,3758.25,3770.580078125,3716.5146484375,3758.25,0
2021-10-29,3777.75,3796.449951171875,3737.4521484375,3777.75,0
2021-11-01,3758.25,3769.0,3757.25,3758.25,0
2021-11-02,3758.25,3782.260009765625,3756.320068359375,3758.25,0
2021-11-03,3797.25,3849.590087890625,3792.449951171875,3797.25,0
2021-11-04,3830.35009765625,3843.25,3818.449951171875,3830.35009765625,0
2021-11-05,3870.25,3897.139892578125,3862.25,3870.25,0
2021-11-08,3870.75,3886.320068359375,3855.25,3870.75,0
2021-11-09,3875.25,3889.010009765625,3833.5830078125,3875.25,0
2021-11-10,3865.239990234375,3888.0,3823.45947265625,3865.239990234375,0
2021-11-11,3875.75,3885.25,3875.739990234375,3875.75,0
2021-11-12,3877.25,3898.18994140625,3876.0,3877.25,0
2021-11-15,3881.050048828125,3887.0,3881.050048828125,3881.050048828125,0
2021-11-16,3883.050048828125,3910.14990234375,3882.8798828125,3883.050048828125,0
2021-11-17,3893.25,3914.550048828125,3850.041748046875,3893.25,0
2021-11-18,3917.25,3956.25,3916.820068359375,3917.25,0
2021-11-19,3933.25,3947.75,3888.37255859375,3933.25,0
2021-11-22,3912.25,3926.89990234375,3870.364013671875,3912.25,0
2021-11-23,3924.0,3953.25,3880.175048828125,3924.0,0
2021-11-24,3948.25,3988.050048828125,3906.201171875,3948.25,0
2021-11-25,3972.75,3979.25,3928.978759765625,3972.75,0
2021-11-26,3979.25,4022.75,3937.03857421875,3979.25,0
2021-11-29,4005.25,4016.199951171875,3963.121337890625,4005.25,0
2021-11-30,4033.25,4038.25,3990.25,4033.25,0
2021-12-01,3993.25,4008.0,3936.25,3993.25,0
2021-12-02,3964.81005859375,3964.81005859375,3923.9228515625,3964.81005859375,0
2021-12-03,3935.25,3962.699951171875,3892.187255859375,3935.25,0
2021-12-06,3890.587646484375,3967.25,3936.2900390625,3964.449951171875,0
2021-12-07,3930.75,3930.75,3892.4599609375,3930.75,0
2021-12-08,3909.22998046875,3911.139892578125,3895.25,3909.22998046875,0
2021-12-09,3892.25,3909.25,3889.25,3892.25,0
2021-12-10,3857.367431640625,3907.0,3857.099853515625,3857.099853515625,0
2021-12-13,3842.510009765625,3898.510009765625,3877.02001953125,3884.949951171875,0
2021-12-14,3884.75,3946.419921875,3884.75,3884.75,0
2021-12-15,3926.739990234375,4006.25,3961.667236328125,4004.25,0
2021-12-16,3998.550048828125,4004.25,3985.300048828125,3998.550048828125,0
2021-12-17,4017.050048828125,4031.5,3974.853515625,4017.050048828125,0
2021-12-20,4002.313232421875,4007.239990234375,3929.818359375,3972.570068359375,0
2021-12-21,4004.75,4004.75,3961.584716796875,4004.75,0
2021-12-22,4000.14990234375,4001.14990234375,3957.597900390625,4000.14990234375,0
2021-12-23,3998.239990234375,4001.22998046875,3957.855712890625,3998.239990234375,0
2021-12-24,3996.580078125,4000.60009765625,3988.25,3996.580078125,0
2021-12-27,3989.75,3996.25,3979.25,3989.75,0
2021-12-28,3995.080078125,4004.469970703125,3956.037109375,3995.080078125,0
2021-12-29,4007.419921875,4024.5,4006.6298828125,4007.419921875,0
2021-12-30,4036.1201171875,4038.31005859375,3990.580078125,4036.1201171875,0
2021-12-31,4068.25,4069.830078125,4068.25,4068.25,0
2022-01-03,4063.580078125,4103.75,4027.48583984375,4063.580078125,0
2022-01-04,4063.080078125,4086.080078125,4024.07666015625,4063.080078125,0
2022-01-05,4078.550048828125,4078.830078125,4026.580078125,4078.550048828125,0
2022-01-06,4026.919921875,4053.25,4023.840087890625,4026.919921875,0
2022-01-07,4030.919921875,4048.090087890625,4025.8701171875,4030.919921875,0
2022-01-10,3970.704833984375,4048.77001953125,4012.969970703125,4012.969970703125,0
2022-01-11,4048.2900390625,4049.080078125,3999.919921875,4048.2900390625,0
2022-01-12,3993.18994140625,3993.18994140625,3947.200439453125,3993.18994140625,0
2022-01-13,3977.419921875,3980.419921875,3932.5361328125,3977.419921875,0
2022-01-14,3965.35009765625,4001.090087890625,3957.030029296875,3965.35009765625,0
2022-01-17,4005.25,4005.409912109375,3963.1533203125,4005.25,0
2022-01-18,4005.2099609375,4037.75,3964.09130859375,4005.2099609375,0
2022-01-19,4035.550048828125,4035.550048828125,3993.402099609375,4035.550048828125,0
2022-01-20,3992.320068359375,3992.860107421875,3974.719970703125,3992.320068359375,0
2022-01-21,3973.75,3985.2099609375,3952.260009765625,3973.75,0
2022-01-24,3954.7099609375,3970.419921875,3913.1435546875,3954.7099609375,0
2022-01-25,3974.080078125,3993.89990234375,3931.85205078125,3974.080078125,0
2022-01-26,3966.39990234375,3983.0,3923.90869140625,3966.39990234375,0
2022-01-27,3928.25,3962.0,3883.270751953125,3928.25,0
2022-01-28,3961.260009765625,3993.260009765625,3915.88671875,3961.260009765625,0
2022-01-31,3912.49755859375,3956.260009765625,3935.090087890625,3956.260009765625,0
2022-02-01,3941.27001953125,3946.22998046875,3914.4599609375,3941.27001953125,0
2022-02-02,3922.090087890625,3936.159912109375,3913.4599609375,3922.090087890625,0
2022-02-03,3931.929931640625,3951.27001953125,3923.8701171875,3931.929931640625,0
2022-02-04,3952.8701171875,3967.449951171875,3946.2099609375,3952.8701171875,0
2022-02-07,3954.7900390625,3969.419921875,3907.95166015625,3950.81005859375,0
2022-02-08,3963.489990234375,3975.47998046875,3947.8701171875,3963.489990234375,0
2022-02-09,3952.1298828125,3952.1298828125,3928.25,3952.1298828125,0
2022-02-10,3933.39990234375,3934.25,3905.260009765625,3933.39990234375,0
2022-02-11,3917.090087890625,3925.25,3896.260009765625,3917.090087890625,0
2022-02-14,3895.65869140625,3941.47998046875,3894.14892578125,3930.81005859375,0
2022-02-15,3942.669921875,3948.25,3900.08544921875,3942.669921875,0
2022-02-16,3948.580078125,3963.75,3948.580078125,3948.580078125,0
2022-02-17,3962.68994140625,3968.25,3929.550048828125,3962.68994140625,0
2022-02-18,3942.75,3946.10009765625,3917.56005859375,3942.75,0
2022-02-21,3929.419921875,3934.860107421875,3887.775146484375,3930.260009765625,0
2022-02-22,3932.199951171875,3934.429931640625,3925.419921875,3932.199951171875,0
2022-02-23,3927.919921875,3927.919921875,3909.760009765625,3927.919921875,0
2022-02-24,3911.090087890625,3941.429931640625,3910.389892578125,3911.090087890625,0
2022-02-25,3924.75,3924.75,3908.419921875,3924.75,0
2022-02-28,3853.7451171875,3920.909912109375,3886.981689453125,3911.800048828125,0
2022-03-01,3925.919921875,3941.52001953125,3892.06005859375,3925.919921875,0
2022-03-02,3880.919921875,3897.5,3844.590087890625,3880.919921875,0
2022-03-03,3845.919921875,3845.919921875,3764.909912109375,3845.919921875,0
2022-03-04,3757.699951171875,3814.876220703125,3757.60009765625,3757.699951171875,0
2022-03-07,3731.724609375,3828.260009765625,3776.90771484375,3828.260009765625,0
2022-03-08,3808.75,3808.75,3771.27001953125,3808.75,0
2022-03-09,3771.1201171875,3771.1201171875,3726.273193359375,3771.1201171875,0
2022-03-10,3739.75,3803.260009765625,3696.386474609375,3739.75,0
2022-03-11,3816.919921875,3835.280029296875,3810.449951171875,3816.919921875,0
2022-03-14,3817.590087890625,3828.260009765625,3771.580078125,3818.260009765625,0
2022-03-15,3795.320068359375,3841.610107421875,3792.139892578125,3795.320068359375,0
2022-03-16,3830.919921875,3831.739990234375,3816.840087890625,3830.919921875,0
2022-03-17,3832.570068359375,3837.1201171875,3774.453125,3832.570068359375,0
2022-03-18,3817.919921875,3836.27001953125,3813.860107421875,3817.919921875,0
2022-03-21,3818.090087890625,3818.090087890625,3773.821044921875,3817.010009765625,0
2022-03-22,3803.75,3809.85009765625,3750.590087890625,3803.75,0
2022-03-23,3763.590087890625,3763.590087890625,3714.033447265625,3763.590087890625,0
2022-03-24,3768.919921875,3809.159912109375,3765.27001953125,3770.929931640625,0
2022-03-25,3785.919921875,3793.919921875,3768.139892578125,3785.919921875,0
2022-03-28,3792.909912109375,3799.919921875,3747.504150390625,3792.909912109375,0
2022-03-29,3781.389892578125,3781.389892578125,3755.260009765625,3781.389892578125,0
2022-03-30,3760.02001953125,3760.02001953125,3737.6201171875,3760.02001953125,0
2022-03-31,3749.389892578125,3760.35009765625,3705.271484375,3749.389892578125,0
2022-04-01,3764.090087890625,3788.72998046875,3755.489990234375,3764.090087890625,0
2022-04-04,3747.31005859375,3750.6201171875,3690.760009765625,3747.31005859375,0
2022-04-05,3702.75,3724.510009765625,3694.85009765625,3702.75,0
2022-04-06,3731.219970703125,3752.409912109375,3727.919921875,3731.219970703125,0
2022-04-07,3745.919921875,3777.06005859375,3737.919921875,3745.919921875,0
2022-04-08,3757.550048828125,3795.22998046875,3756.429931640625,3757.550048828125,0
2022-04-11,3755.260009765625,3760.260009765625,3738.760009765625,3755.260009765625,0
2022-04-12,3740.919921875,3745.590087890625,3693.406494140625,3740.919921875,0
2022-04-13,3748.469970703125,3756.72998046875,3731.590087890625,3748.469970703125,0
2022-04-14,3720.919921875,3739.919921875,3678.053466796875,3720.919921875,0
2022-04-15,3737.25,3741.260009765625,3730.0,3737.25,0
2022-04-18,3721.260009765625,3736.919921875,3715.31005859375,3721.260009765625,0
2022-04-19,3730.25,3761.110107421875,3730.25,3730.25,0
2022-04-20,3747.25,3764.75,3740.050048828125,3747.25,0
2022-04-21,3756.85009765625,3771.919921875,3755.590087890625,3756.85009765625,0
2022-04-22,3774.3701171875,3823.25,3725.548095703125,3774.3701171875,0
2022-04-25,3854.260009765625,3957.919921875,3809.377197265625,3854.260009765625,0
2022-04-26,3934.75,3959.75,3934.75,3934.75,0
2022-04-27,3941.5400390625,3981.25,3941.179931640625,3941.5400390625,0
2022-04-28,3960.580078125,3985.949951171875,3952.179931640625,3960.580078125,0
2022-04-29,3971.550048828125,3983.179931640625,3954.919921875,3971.550048828125,0
2022-05-02,3956.25,4000.469970703125,3912.126220703125,3956.25,0
2022-05-03,3999.570068359375,4026.89990234375,3991.25,3999.570068359375,0
2022-05-04,4023.919921875,4046.919921875,4021.199951171875,4023.919921875,0
2022-05-05,4067.419921875,4101.740234375,4060.2900390625,4067.419921875,0
2022-05-06,4089.580078125,4089.75,4032.760009765625,4089.580078125,0
2022-05-09,4056.0,4088.570068359375,4014.06689453125,4056.0,0
2022-05-10,4085.580078125,4093.719970703125,4040.085693359375,4085.580078125,0
2022-05-11,4080.25,4102.5,4063.800048828125,4080.25,0
2022-05-12,4080.25,4117.0498046875,4080.25,4080.25,0
2022-05-13,4108.740234375,4115.580078125,4094.75,4108.740234375,0
2022-05-16,4108.75,4109.16015625,4049.2880859375,4108.75,0
2022-05-17,4055.25,4055.25,4023.929931640625,4055.25,0
2022-05-18,4032.580078125,4062.949951171875,3983.49365234375,4032.580078125,0
2022-05-19,4067.219970703125,4072.02001953125,4037.6201171875,4067.219970703125,0
2022-05-20,4048.72998046875,4054.14990234375,3980.5,4048.72998046875,0
2022-05-23,3970.25,3977.580078125,3925.25,3970.25,0
2022-05-24,3961.580078125,3979.030029296875,3961.580078125,3961.580078125,0
2022-05-25,3976.300048828125,3988.169921875,3929.879150390625,3976.300048828125,0
2022-05-26,3939.47998046875,3941.02001953125,3924.840087890625,3939.47998046875,0
2022-05-27,3923.75,3923.75,3893.0,3923.75,0
2022-05-30,3931.75,3931.75,3885.520751953125,3931.75,0
2022-05-31,3930.159912109375,3930.159912109375,3752.863037109375,3930.159912109375,0
2022-06-01,3974.739990234375,3975.0,3974.739990234375,3974.739990234375,0
2022-06-02,3858.419921875,3858.429931640625,3779.719970703125,3858.419921875,0
2022-06-03,3777.25,3777.72998046875,3728.781982421875,3777.25,0
2022-06-06,3779.610107421875,3808.909912109375,3729.222900390625,3779.610107421875,0
2022-06-07,3791.419921875,3813.199951171875,3783.429931640625,3791.419921875,0
2022-06-08,3788.080078125,3788.080078125,3768.570068359375,3788.080078125,0
2022-06-09,3796.89990234375,3846.85009765625,3796.89990234375,3796.89990234375,0
2022-06-10,3848.02001953125,3921.14990234375,3848.02001953125,3848.02001953125,0
2022-06-13,3942.64990234375,4040.0,3934.3701171875,3942.64990234375,0
2022-06-14,3989.580078125,3989.580078125,3955.010009765625,3989.580078125,0
2022-06-15,3964.85009765625,3974.169921875,3910.25,3964.85009765625,0
2022-06-16,3904.97998046875,3934.14990234375,3851.44580078125,3904.97998046875,0
2022-06-17,3896.760009765625,3919.25,3891.75,3896.760009765625,0
2022-06-20,3903.239990234375,3904.0400390625,3859.09423828125,3903.239990234375,0
2022-06-21,3904.0400390625,3987.580078125,3894.75,3904.0400390625,0
2022-06-22,3981.25,4030.919921875,3981.239990234375,3981.25,0
2022-06-23,4016.75,4059.25,4016.75,4016.75,0
2022-06-24,4078.590087890625,4139.75,4065.919921875,4078.590087890625,0
2022-06-27,4138.75,4139.08984375,4094.2724609375,4138.75,0
2022-06-28,4131.080078125,4136.47998046875,4085.159912109375,4131.080078125,0
2022-06-29,4106.81005859375,4139.75,4084.85009765625,4106.81005859375,0
2022-06-30,4107.52001953125,4177.7998046875,4107.52001953125,4107.52001953125,0
2022-07-01,4149.6201171875,4207.22998046875,4149.6201171875,4149.6201171875,0
2022-07-04,4203.2998046875,4203.2998046875,4196.64013671875,4203.2998046875,0
2022-07-05,4203.2998046875,4267.2900390625,4155.74560546875,4203.2998046875,0
2022-07-06,4253.009765625,4364.25,4253.009765625,4253.009765625,0
2022-07-07,4327.5400390625,4382.56005859375,4327.5400390625,4327.5400390625,0
2022-07-08,4379.22998046875,4423.25,4353.9501953125,4379.22998046875,0
2022-07-11,4418.75,4520.25,4414.77978515625,4418.75,0
2022-07-12,4577.1298828125,4645.25,4526.115234375,4577.1298828125,0
2022-07-13,4606.91015625,4645.830078125,4548.4501953125,4606.91015625,0
2022-07-14,4533.16015625,4580.25,4484.759765625,4533.16015625,0
2022-07-15,4490.25,4494.77001953125,4404.85009765625,4490.25,0
2022-07-18,4357.25,4359.7001953125,4309.314453125,4357.25,0
2022-07-19,4321.52978515625,4321.52978515625,4257.54150390625,4321.52978515625,0
2022-07-20,4315.39990234375,4320.85009765625,4315.39990234375,4315.39990234375,0
2022-07-21,4354.25,4406.169921875,4349.60986328125,4354.25,0
2022-07-22,4400.64013671875,4438.75,4400.64013671875,4400.64013671875,0
2022-07-25,4463.25,4478.25,4428.5,4463.25,0
2022-07-26,4466.0498046875,4466.0498046875,4417.58984375,4466.0498046875,0
2022-07-27,4449.85986328125,4449.85986328125,4414.5498046875,4449.85986328125,0
2022-07-28,4427.89013671875,4427.89013671875,4361.580078125,4427.89013671875,0
2022-07-29,4373.580078125,4374.08984375,4243.25,4373.580078125,0
2022-08-01,4285.25,4291.81982421875,4219.25,4285.25,0
2022-08-02,4257.580078125,4320.75,4257.580078125,4257.580078125,0
2022-08-03,4305.7099609375,4343.2099609375,4305.7099609375,4305.7099609375,0
2022-08-04,4311.31982421875,4311.31982421875,4266.02978515625,4311.31982421875,0
2022-08-05,4304.25,4355.75,4248.0576171875,4304.25,0
2022-08-08,4343.35009765625,4343.35009765625,4292.85791015625,4343.35009765625,0
2022-08-09,4310.490234375,4314.75,4266.81396484375,4310.490234375,0
2022-08-10,4335.25,4348.93994140625,4275.22021484375,4335.25,0
2022-08-11,4270.58984375,4270.58984375,4224.08984375,4270.58984375,0
2022-08-12,4231.25,4231.25,4181.62744140625,4231.25,0
2022-08-15,4160.259765625,4177.0,4157.25,4160.259765625,0
2022-08-16,4159.919921875,4210.259765625,4112.9423828125,4159.919921875,0
2022-08-17,4237.580078125,4312.2001953125,4232.64013671875,4237.580078125,0
2022-08-18,4342.7998046875,4412.89990234375,4294.97412109375,4342.7998046875,0
2022-08-19,4394.919921875,4426.89990234375,4394.830078125,4394.919921875,0
2022-08-22,4375.25,4413.14990234375,4373.25,4375.25,0
2022-08-23,4398.56982421875,4404.990234375,4362.25,4398.56982421875,0
2022-08-24,4362.419921875,4375.7099609375,4305.5458984375,4362.419921875,0
2022-08-25,4390.580078125,4426.77001953125,4356.26416015625,4390.580078125,0
2022-08-26,4392.18017578125,4398.18017578125,4370.169921875,4392.18017578125,0
2022-08-29,4399.35986328125,4406.5400390625,4353.08447265625,4399.35986328125,0
2022-08-30,4375.580078125,4406.9501953125,4353.47998046875,4375.580078125,0
2022-08-31,4411.919921875,4445.25,4368.26953125,4411.919921875,0
2022-09-01,4419.919921875,4474.080078125,4380.7099609375,4419.919921875,0
2022-09-02,4478.75,4503.580078125,4435.14990234375,4478.75,0
2022-09-05,4484.75,4490.580078125,4436.12255859375,4484.75,0
2022-09-06,4461.580078125,4500.490234375,4411.767578125,4461.580078125,0
2022-09-07,4600.0,4500.740234375,4432.24755859375,4600.0,0
2022-09-08,4398.5498046875,4410.25,4349.15478515625,4398.5498046875,0
2022-09-09,4396.0,4421.0400390625,4353.25,4396.0,0
2022-09-12,4351.25,4366.4501953125,4304.63037109375,4351.25,0
2022-09-13,4359.5,4426.6298828125,4310.43310546875,4359.5,0
2022-09-14,4410.75,4424.75,4375.25,4410.75,0
2022-09-15,4390.75,4416.2001953125,4340.37109375,4390.75,0
2022-09-16,4416.33984375,4445.25,4413.25,4416.33984375,0
2022-09-19,4433.4501953125,4443.43994140625,4370.5478515625,4433.4501953125,0
2022-09-20,4405.25,4423.85009765625,4356.3369140625,4405.25,0
2022-09-21,4424.5,4424.5,4394.0,4424.5,0
2022-09-22,4406.25,4406.25,4360.037109375,4406.25,0
2022-09-23,4363.35009765625,4442.56982421875,4310.7275390625,4363.35009765625,0
2022-09-26,4436.759765625,4501.259765625,4340.50830078125,4436.759765625,0
2022-09-27,4539.85986328125,4573.259765625,4515.31005859375,4539.85986328125,0
2022-09-28,4552.259765625,4554.85009765625,4474.31005859375,4552.259765625,0
2022-09-29,4488.259765625,4546.259765625,4439.673828125,4488.259765625,0
2022-09-30,4526.9501953125,4608.759765625,4479.8623046875,4526.9501953125,0
2022-10-03,4608.259765625,4608.259765625,4519.259765625,4608.259765625,0
2022-10-04,4528.27001953125,4528.2998046875,4463.91015625,4528.27001953125,0
2022-10-05,4494.759765625,4557.5498046875,4446.54931640625,4494.759765625,0
2022-10-06,4462.15283203125,4655.16015625,4449.5986328125,4462.15283203125,0
2022-10-07,4611.759765625,4635.259765625,4559.810546875,4611.759765625,0
2022-10-10,4618.259765625,4618.259765625,4567.58544921875,4618.259765625,0
2022-10-11,4604.27978515625,4631.7099609375,4552.697265625,4604.27978515625,0
2022-10-12,4605.509765625,4622.85009765625,4599.3798828125,4605.509765625,0
2022-10-13,4606.16015625,4656.5498046875,4596.080078125,4606.16015625,0
2022-10-14,4573.9599609375,4652.759765625,4546.509765625,4573.9599609375,0
2022-10-17,4696.259765625,4733.259765625,4647.48828125,4696.259765625,0
2022-10-18,4733.259765625,4772.259765625,4681.5615234375,4733.259765625,0
2022-10-19,4760.35986328125,4830.16015625,4711.7890625,4760.35986328125,0
2022-10-20,4838.259765625,4919.259765625,4784.92529296875,4838.259765625,0
2022-10-21,4902.25,4957.14990234375,4879.2998046875,4902.25,0
2022-10-24,4916.35009765625,4997.14990234375,4867.7900390625,4916.35009765625,0
2022-10-25,4988.25,4988.25,4915.39013671875,4988.25,0
2022-10-26,4973.4501953125,4985.10009765625,4877.759765625,4973.4501953125,0
2022-10-27,4882.31982421875,4884.72021484375,4802.259765625,4882.31982421875,0
2022-10-28,4798.259765625,4849.3798828125,4753.15234375,4798.259765625,0
2022-10-31,4833.259765625,4903.7099609375,4831.64990234375,4833.259765625,0
2022-11-01,4937.0,5000.759765625,4886.6298828125,4937.0,0
2022-11-02,5002.25,5006.919921875,4995.0,5002.25,0
2022-11-03,5001.27978515625,5073.259765625,5001.27978515625,5001.27978515625,0
2022-11-04,5067.10986328125,5089.2998046875,5000.56982421875,5067.10986328125,0
2022-11-07,4959.29443359375,5107.25,4950.47998046875,4959.29443359375,0
2022-11-08,5106.0,5121.3798828125,4964.27978515625,5106.0,0
2022-11-09,4972.25,4975.60009765625,4898.06982421875,4972.25,0
2022-11-10,4894.81005859375,4907.43017578125,4779.72021484375,4894.81005859375,0
2022-11-11,4801.169921875,4804.33984375,4752.94873046875,4801.169921875,0
2022-11-14,4716.70263671875,4809.02978515625,4737.4384765625,4716.70263671875,0
2022-11-15,4803.56005859375,4824.93994140625,4760.220703125,4803.56005859375,0
2022-11-16,4843.93017578125,4956.77001953125,4843.58984375,4843.93017578125,0
2022-11-17,4938.81005859375,5035.7001953125,4891.73193359375,4938.81005859375,0
2022-11-18,4999.169921875,5010.2099609375,4949.60986328125,4999.169921875,0
2022-11-21,4987.080078125,4999.66015625,4953.18017578125,4987.080078125,0
2022-11-22,4946.25,4948.83984375,4895.169921875,4946.25,0
2022-11-23,4905.009765625,4905.64990234375,4873.5498046875,4905.009765625,0
2022-11-24,4881.60986328125,4905.830078125,4837.7080078125,4881.60986328125,0
2022-11-25,4899.81005859375,4911.580078125,4864.240234375,4899.81005859375,0
2022-11-28,4863.81982421875,4871.33984375,4822.63671875,4863.81982421875,0
2022-11-29,4833.33984375,4833.33984375,4802.06982421875,4833.33984375,0
2022-11-30,4809.33984375,4837.41015625,4793.3798828125,4809.33984375,0
2022-12-01,4828.2998046875,4828.2998046875,4774.5,4828.2998046875,0
2022-12-02,4785.580078125,4786.72021484375,4722.25537109375,4785.580078125,0
2022-12-05,4771.85009765625,4816.9599609375,4724.94140625,4771.85009765625,0
2022-12-06,4823.3701171875,4836.08984375,4815.64013671875,4823.3701171875,0
2022-12-07,4831.009765625,4838.419921875,4785.06591796875,4831.009765625,0
2022-12-08,4820.22998046875,4822.9501953125,4775.82421875,4820.22998046875,0
2022-12-09,4820.580078125,4828.35009765625,4774.4736328125,4820.580078125,0
2022-12-12,4778.45751953125,4853.4501953125,4794.2998046875,4778.45751953125,0
2022-12-13,4844.1298828125,4846.14013671875,4790.9501953125,4844.1298828125,0
2022-12-14,4762.580078125,4779.14013671875,4755.89990234375,4762.580078125,0
2022-12-15,4776.580078125,4799.75,4776.580078125,4776.580078125,0
2022-12-16,4790.919921875,4805.8798828125,4790.919921875,4790.919921875,0
2022-12-19,4762.96044921875,4788.6298828125,4743.4775390625,4762.96044921875,0
2022-12-20,4774.25,4779.81982421875,4761.60986328125,4774.25,0
2022-12-21,4763.9599609375,4766.75,4718.94140625,4763.9599609375,0
2022-12-22,4762.97021484375,4762.97021484375,4752.2001953125,4762.97021484375,0
2022-12-23,4757.25,4758.39013671875,4741.89013671875,4757.25,0
2022-12-26,4730.2998046875,4757.25,4727.25,4730.2998046875,0
2022-12-27,4727.580078125,4776.14013671875,4683.3701171875,4727.580078125,0
2022-12-28,4761.25,4777.47021484375,4748.830078125,4761.25,0
2022-12-29,4771.740234375,4841.2001953125,4766.16015625,4771.740234375,0
2022-12-30,4848.1298828125,4849.080078125,4846.83984375,4848.1298828125,0
2023-01-02,4846.919921875,4846.25,4846.25,4846.919921875,0
2023-01-03,4846.25,4857.60009765625,4812.44677734375,4846.25,0
2023-01-04,4860.259765625,4936.68017578125,4860.259765625,4860.259765625,0
2023-01-05,4928.8798828125,5004.490234375,4928.8798828125,4928.8798828125,0
2023-01-06,4963.43017578125,4966.8701171875,4879.64990234375,4963.43017578125,0
2023-01-09,4858.25,4871.33984375,4812.08203125,4858.25,0
2023-01-10,4848.7900390625,4852.52001953125,4797.25,4848.7900390625,0
2023-01-11,4783.75,4785.93017578125,4730.91015625,4783.75,0
2023-01-12,4730.75,4731.18017578125,4692.02978515625,4730.75,0
2023-01-13,4695.009765625,4715.2001953125,4681.08984375,4695.009765625,0
2023-01-16,4624.69482421875,4687.97021484375,4643.69189453125,4624.69482421875,0
2023-01-17,4688.1298828125,4713.25,4647.447265625,4688.1298828125,0
2023-01-18,4719.4501953125,4728.169921875,4679.66015625,4719.4501953125,0
2023-01-19,4701.72998046875,4714.2001953125,4645.7216796875,4701.72998046875,0
2023-01-20,4667.4501953125,4686.580078125,4652.669921875,4667.4501953125,0
2023-01-23,4646.830078125,4606.39013671875,4552.02978515625,4646.830078125,0
2023-01-24,4544.75,4561.0,4531.72998046875,4544.75,0
2023-01-25,4515.1298828125,4540.0498046875,4462.15869140625,4515.1298828125,0
2023-01-26,4544.2001953125,4561.16015625,4510.56005859375,4544.2001953125,0
2023-01-27,4519.10009765625,4553.830078125,4516.08984375,4519.10009765625,0
2023-01-30,4483.9287109375,4599.22998046875,4504.9384765625,4483.9287109375,0
2023-01-31,4600.43017578125,4655.97998046875,4600.43017578125,4600.43017578125,0
2023-02-01,4658.490234375,4668.080078125,4606.56982421875,4658.490234375,0
2023-02-02,4605.27978515625,4645.52978515625,4594.330078125,4605.27978515625,0
2023-02-03,4585.25,4647.52001953125,4541.00048828125,4585.25,0
2023-02-06,4583.46044921875,4780.4501953125,4649.46142578125,4583.46044921875,0
2023-02-07,4739.31982421875,4789.93017578125,4739.31982421875,4739.31982421875,0
2023-02-08,4745.77978515625,4791.5,4725.56005859375,4745.77978515625,0
2023-02-09,4768.52978515625,4768.52978515625,4742.9501953125,4768.52978515625,0
2023-02-10,4749.1298828125,4774.0498046875,4699.00830078125,4749.1298828125,0
2023-02-13,4696.2861328125,4833.1298828125,4711.9150390625,4696.2861328125,0
2023-02-14,4813.0498046875,4828.16015625,4783.92626953125,4813.0498046875,0
2023-02-15,4772.0,4829.27978515625,4704.2900390625,4772.0,0
2023-02-16,4822.18994140625,4945.419921875,4819.22998046875,4822.18994140625,0
2023-02-17,4923.2998046875,4940.0,4891.8798828125,4923.2998046875,0
2023-02-20,4852.51708984375,4912.330078125,4894.41015625,4852.51708984375,0
2023-02-21,4909.580078125,4974.740234375,4905.4599609375,4909.580078125,0
2023-02-22,4967.5,4967.5,4913.37451171875,4967.5,0
2023-02-23,4894.43017578125,4902.43994140625,4836.60009765625,4894.43017578125,0
2023-02-24,4875.02001953125,4875.02001953125,4824.9501953125,4875.02001953125,0
2023-02-27,4808.08642578125,4852.02978515625,4792.52978515625,4808.08642578125,0
2023-02-28,4777.259765625,4838.10009765625,4753.77978515625,4777.259765625,0
2023-03-01,4808.0,4878.0498046875,4799.02978515625,4808.0,0
2023-03-02,4846.52978515625,4884.7998046875,4819.31005859375,4846.52978515625,0
2023-03-03,4818.080078125,4818.080078125,4768.169921875,4818.080078125,0
2023-03-06,4786.8798828125,4784.31982421875,4731.830078125,4786.8798828125,0
2023-03-07,4730.259765625,4765.169921875,4681.35986328125,4730.259765625,0
2023-03-08,4759.25,4774.330078125,4717.826171875,4759.25,0
2023-03-09,4749.18994140625,4783.740234375,4726.91015625,4749.18994140625,0
2023-03-10,4745.759765625,4782.75,4690.1201171875,4745.759765625,0
2023-03-13,4675.8447265625,4786.72021484375,4711.93994140625,4675.8447265625,0
2023-03-14,4763.75,4771.1201171875,4730.14990234375,4763.75,0
2023-03-15,4742.85009765625,4834.25,4742.85009765625,4742.85009765625,0
2023-03-16,4847.0,4885.64990234375,4839.06982421875,4847.0,0
2023-03-17,4849.25,4865.72021484375,4785.00146484375,4849.25,0
2023-03-20,4718.333984375,4846.25,4817.240234375,4718.333984375,0
2023-03-21,4815.22998046875,4815.22998046875,4770.4794921875,4815.22998046875,0
2023-03-22,4811.68017578125,4811.68017578125,4758.43994140625,4811.68017578125,0
2023-03-23,4771.25,4775.06982421875,4742.89990234375,4771.25,0
2023-03-24,4754.75,4767.91015625,4726.3798828125,4754.75,0
2023-03-27,4752.6201171875,4752.6201171875,4672.56982421875,4752.6201171875,0
2023-03-28,4675.25,4675.25,4644.93017578125,4675.25,0
2023-03-29,4658.52978515625,4676.2900390625,4608.47998046875,4658.52978515625,0
2023-03-30,4634.25,4646.669921875,4594.14013671875,4634.25,0
2023-03-31,4643.25,4652.64990234375,4622.5498046875,4643.25,0
2023-04-03,4661.509765625,4662.580078125,4599.27978515625,4661.509765625,0
2023-04-04,4604.68994140625,4605.25,4578.66015625,4604.68994140625,0
2023-04-05,4589.64990234375,4589.64990234375,4560.66015625,4589.64990234375,0
2023-04-06,4583.25,4583.25,4572.8701171875,4583.25,0
2023-04-07,4575.35986328125,4575.35986328125,4564.25,4575.35986328125,0
2023-04-10,4569.22021484375,4587.509765625,4537.57958984375,4569.22021484375,0
2023-04-11,4557.5,4557.5,4501.080078125,4557.5,0
2023-04-12,4510.56982421875,4510.56982421875,4440.18017578125,4510.56982421875,0
2023-04-13,4449.25,4449.25,4416.1298828125,4449.25,0
2023-04-14,4417.97998046875,4447.0,4407.419921875,4417.97998046875,0
2023-04-17,4412.52978515625,4429.3798828125,4398.0576171875,4412.52978515625,0
2023-04-18,4426.75,4484.81005859375,4426.75,4426.75,0
2023-04-19,4487.3798828125,4523.68994140625,4485.990234375,4487.3798828125,0
2023-04-20,4532.25,4557.64990234375,4517.18994140625,4532.25,0
2023-04-21,4525.14990234375,4539.75,4501.58984375,4525.14990234375,0
2023-04-24,4513.93994140625,4515.5400390625,4480.3701171875,4513.93994140625,0
2023-04-25,4474.25,4497.85009765625,4444.52978515625,4474.25,0
2023-04-26,4494.56982421875,4541.25,4487.77978515625,4494.56982421875,0
2023-04-27,4639.25,4659.0,4618.97021484375,4639.25,0
2023-04-28,4654.75,4675.93994140625,4613.52001953125,4654.75,0
2023-05-01,4694.93994140625,4706.5,4692.830078125,4694.93994140625,0
2023-05-02,4706.5,4726.830078125,4692.22998046875,4706.5,0
2023-05-03,4708.72998046875,4708.72998046875,4650.89990234375,4708.72998046875,0
2023-05-04,4650.0,4652.85009765625,4604.31982421875,4650.0,0
2023-05-05,4603.9501953125,4612.06982421875,4545.75,4603.9501953125,0
2023-05-08,4525.2998046875,4526.39990234375,4464.2099609375,4525.2998046875,0
2023-05-09,4504.75,4551.6201171875,4501.27001953125,4504.75,0
2023-05-10,4559.25,4568.919921875,4544.06005859375,4559.25,0
2023-05-11,4548.0,4606.0,4547.330078125,4548.0,0
2023-05-12,4594.5,4595.7998046875,4557.81982421875,4594.5,0
2023-05-15,4557.02978515625,4557.580078125,4495.580078125,4557.02978515625,0
2023-05-16,4513.25,4547.759765625,4485.9501953125,4513.25,0
2023-05-17,4535.14990234375,4554.47998046875,4492.48583984375,4535.14990234375,0
2023-05-18,4515.56982421875,4523.33984375,4451.11376953125,4515.56982421875,0
2023-05-19,4525.25,4530.25,4514.0,4525.25,0
2023-05-22,4540.25,4540.25,4526.990234375,4540.25,0
2023-05-23,4526.68994140625,4534.66015625,4481.490234375,4526.68994140625,0
2023-05-24,4479.75,4479.75,4442.1298828125,4479.75,0
2023-05-25,4443.25,4481.169921875,4436.91015625,4443.25,0
2023-05-26,4490.25,4492.10009765625,4448.10498046875,4490.25,0
2023-05-29,4468.490234375,4468.490234375,4418.58984375,4468.490234375,0
2023-05-30,4436.27978515625,4440.0400390625,4392.71630859375,4436.27978515625,0
2023-05-31,4391.25,4434.580078125,4386.02978515625,4391.25,0
2023-06-01,4443.25,4443.25,4417.64990234375,4443.25,0
2023-06-02,4389.25,4392.47998046875,4337.509765625,4389.25,0
2023-06-05,4349.25,4354.72998046875,4288.85986328125,4349.25,0
2023-06-06,4294.25,4294.25,4249.81005859375,4294.25,0
2023-06-07,4218.75,4227.10009765625,4174.85009765625,4218.75,0
2023-06-08,4216.25,4216.25,4177.3408203125,4216.25,0
2023-06-09,4187.25,4187.25,4146.2001953125,4187.25,0
2023-06-12,4178.25,4185.990234375,4134.40625,4178.25,0
2023-06-13,4173.25,4189.91015625,4164.81982421875,4173.25,0
2023-06-14,4180.25,4188.75,4161.0,4180.25,0
2023-06-15,4175.75,4181.9599609375,4150.31982421875,4175.75,0
2023-06-16,4146.25,4152.1201171875,4132.91015625,4146.25,0
2023-06-19,4096.6669921875,4166.25,4121.78369140625,4096.6669921875,0
2023-06-20,4166.25,4168.0498046875,4121.83447265625,4166.25,0
2023-06-21,4148.10009765625,4168.43994140625,4142.10009765625,4148.10009765625,0
2023-06-22,4152.5,4152.5,4114.25,4152.5,0
2023-06-23,4115.25,4153.419921875,4054.08642578125,4115.25,0
2023-06-26,4187.25,4187.25,4041.498291015625,4187.25,0
2023-06-27,4162.18017578125,4166.72998046875,4142.22998046875,4162.18017578125,0
2023-06-28,4164.75,4194.97998046875,4123.99169921875,4164.75,0
2023-06-29,4149.7001953125,4184.7998046875,4146.3798828125,4149.7001953125,0
2023-06-30,4167.85009765625,4184.77978515625,4165.75,4167.85009765625,0
2023-07-03,4173.25,4173.25,4124.9140625,4173.25,0
2023-07-04,4171.25,4172.169921875,4141.25,4171.25,0
2023-07-05,4156.22998046875,4156.22998046875,4126.58984375,4156.22998046875,0
2023-07-06,4127.93017578125,4192.509765625,4122.919921875,4127.93017578125,0
2023-07-07,4178.25,4229.41015625,4178.25,4178.25,0
2023-07-10,4173.60986328125,4173.60986328125,4109.51171875,4173.60986328125,0
2023-07-11,4158.25,4191.02978515625,4110.92138671875,4158.25,0
2023-07-12,4186.75,4187.330078125,4146.97021484375,4186.75,0
2023-07-13,4137.64013671875,4137.64013671875,4091.739990234375,4137.64013671875,0
2023-07-14,4097.25,4101.31005859375,4082.669921875,4097.25,0
2023-07-17,4057.25,4080.5,4013.13720703125,4057.25,0
2023-07-18,4013.25,4013.25,3982.090087890625,4013.25,0
2023-07-19,4003.530029296875,4016.0,3952.877685546875,4003.530029296875,0
2023-07-20,3974.25,3978.14990234375,3930.855712890625,3974.25,0
2023-07-21,3977.25,3980.570068359375,3972.030029296875,3977.25,0
2023-07-24,3971.56005859375,3981.60009765625,3947.27001953125,3971.56005859375,0
2023-07-25,3948.6298828125,3988.199951171875,3948.6298828125,3948.6298828125,0
2023-07-26,3973.0,3972.4599609375,3929.27587890625,3973.0,0
2023-07-27,3947.43994140625,3952.0,3924.179931640625,3947.43994140625,0
2023-07-28,3954.25,3954.25,3912.02001953125,3954.25,0
2023-07-31,3926.2900390625,3931.47998046875,3883.8798828125,3926.2900390625,0
2023-08-01,3906.02001953125,3990.469970703125,3906.02001953125,3906.02001953125,0
2023-08-02,3968.780029296875,4039.659912109375,3878.17431640625,3968.780029296875,0
2023-08-03,4041.530029296875,4106.919921875,4017.913330078125,4041.530029296875,0
2023-08-04,4115.56005859375,4151.7900390625,4115.56005859375,4115.56005859375,0
2023-08-07,4088.77001953125,4088.77001953125,3988.6513671875,4088.77001953125,0
2023-08-08,4027.10009765625,4049.469970703125,4018.2099609375,4027.10009765625,0
2023-08-09,4049.469970703125,4078.510009765625,4049.469970703125,4049.469970703125,0
2023-08-10,4051.719970703125,4051.969970703125,3958.75,4051.719970703125,0
2023-08-11,3987.02001953125,3987.02001953125,3905.225341796875,3987.02001953125,0
2023-08-14,3963.110107421875,4035.530029296875,3920.2099609375,3963.110107421875,0
2023-08-15,4038.25,4086.89990234375,4037.360107421875,4038.25,0
2023-08-16,4094.699951171875,4137.18994140625,4089.60009765625,4094.699951171875,0
2023-08-17,4122.5,4133.5400390625,4087.570068359375,4122.5,0
2023-08-18,4096.0,4123.2998046875,4082.0,4096.0,0
2023-08-21,4116.89013671875,4116.89013671875,4016.25,4116.89013671875,0
2023-08-22,4061.31005859375,4129.77001953125,4061.31005859375,4061.31005859375,0
2023-08-23,4111.25,4112.02001953125,4085.179931640625,4111.25,0
2023-08-24,4092.199951171875,4092.199951171875,4057.97998046875,4092.199951171875,0
2023-08-25,4080.25,4112.3701171875,4048.396728515625,4080.25,0
2023-08-28,4120.35009765625,4129.22998046875,4084.85009765625,4120.35009765625,0
2023-08-29,4121.93017578125,4131.97998046875,4077.61865234375,4121.93017578125,0
2023-08-30,4108.39990234375,4109.18994140625,4086.75,4108.39990234375,0
2023-08-31,4096.77978515625,4117.35986328125,4084.52001953125,4096.77978515625,0
2023-09-01,4086.800048828125,4088.679931640625,4053.419921875,4086.800048828125,0
2023-09-04,4061.449951171875,4061.449951171875,4016.39794921875,4061.449951171875,0
2023-09-05,4054.330078125,4083.800048828125,4005.142578125,4054.330078125,0
2023-09-06,4084.75,4096.580078125,4075.080078125,4084.75,0
2023-09-07,4064.449951171875,4071.510009765625,4023.4365234375,4064.449951171875,0
2023-09-08,4027.030029296875,4030.7099609375,3987.969970703125,4027.030029296875,0
2023-09-11,4015.080078125,4015.860107421875,4000.739990234375,4015.080078125,0
2023-09-12,3985.75,4005.93994140625,3970.27001953125,3985.75,0
2023-09-13,3982.580078125,3987.02001953125,3940.489990234375,3982.580078125,0
2023-09-14,3959.75,3959.75,3895.137451171875,3959.75,0
2023-09-15,3917.5,3935.3798828125,3907.330078125,3917.5,0
2023-09-18,3928.25,3928.25,3893.39990234375,3928.25,0
2023-09-19,3895.449951171875,3907.429931640625,3848.932373046875,3895.449951171875,0
2023-09-20,3921.75,3929.47998046875,3902.739990234375,3921.75,0
2023-09-21,3906.25,3949.260009765625,3906.25,3906.25,0
2023-09-22,3941.75,3950.93994140625,3923.929931640625,3941.75,0
2023-09-25,3984.2900390625,4031.949951171875,3983.39990234375,3984.2900390625,0
2023-09-26,4018.830078125,4078.719970703125,4009.64501953125,4018.830078125,0
2023-09-27,4066.25,4099.240234375,4065.4599609375,4066.25,0
2023-09-28,4102.5498046875,4111.22998046875,4064.159912109375,4102.5498046875,0
2023-09-29,4071.25,4078.85009765625,4059.02001953125,4071.25,0
2023-10-02,4075.919921875,4146.2998046875,4075.919921875,4075.919921875,0
2023-10-03,4160.25,4207.75,4139.06982421875,4160.25,0
2023-10-04,4215.75,4279.75,4166.14990234375,4215.75,0
2023-10-05,4285.25,4386.64990234375,4161.2275390625,4285.25,0
2023-10-06,4347.25,4430.66015625,4230.34228515625,4347.25,0
2023-10-09,4324.75,4341.75,4309.75,4324.75,0
2023-10-10,4315.25,4318.169921875,4221.18017578125,4315.25,0
2023-10-11,4229.0400390625,4241.97998046875,4171.0,4229.0400390625,0
2023-10-12,4215.25,4233.5,4197.64990234375,4215.25,0
2023-10-13,4266.25,4270.56982421875,4217.77001953125,4266.25,0
2023-10-16,4235.25,4239.009765625,4221.0,4235.25,0
2023-10-17,4239.25,4257.39990234375,4216.759765625,4239.25,0
2023-10-18,4196.72998046875,4239.5498046875,4184.25,4196.72998046875,0
2023-10-19,4248.25,4270.77001953125,4237.25,4248.25,0
2023-10-20,4257.75,4259.8798828125,4220.97998046875,4257.75,0
2023-10-23,4234.25,4242.25,4206.83984375,4234.25,0
2023-10-24,4211.7998046875,4228.47998046875,4203.85986328125,4211.7998046875,0
2023-10-25,4213.759765625,4225.1201171875,4199.5400390625,4213.759765625,0
2023-10-26,4185.25,4189.240234375,4138.02978515625,4185.25,0
2023-10-27,4137.0,4143.97998046875,4092.179931640625,4137.0,0
2023-10-30,4082.3291015625,4113.0498046875,4032.89990234375,4082.3291015625,0
2023-10-31,4060.0,4136.18994140625,4055.77001953125,4060.0,0
2023-11-01,4112.75,4128.89990234375,4110.39990234375,4112.75,0
2023-11-02,4100.75,4100.75,4043.47998046875,4100.75,0
2023-11-03,4046.919921875,4046.919921875,3970.25,4046.919921875,0
2023-11-06,3942.89697265625,3981.0,3976.25,3942.89697265625,0
2023-11-07,3977.25,4015.550048828125,3971.56005859375,3977.25,0
2023-11-08,4010.580078125,4084.260009765625,4010.580078125,4010.580078125,0
2023-11-09,4088.5,4090.429931640625,4045.590087890625,4088.5,0
2023-11-10,4052.25,4058.1298828125,4003.5,4052.25,0
2023-11-13,3981.98876953125,4037.760009765625,4026.89990234375,3981.98876953125,0
2023-11-14,4023.25,4023.25,3955.280029296875,4023.25,0
2023-11-15,3960.25,3989.25,3937.760009765625,3960.25,0
2023-11-16,4029.0,4061.6298828125,4027.830078125,4029.0,0
2023-11-17,4085.699951171875,4135.43017578125,4071.8798828125,4085.699951171875,0
2023-11-20,4021.15478515625,4081.919921875,4028.97705078125,4021.15478515625,0
2023-11-21,4046.679931640625,4077.070068359375,4020.25,4046.679931640625,0
2023-11-22,4071.280029296875,4104.56982421875,4063.550048828125,4071.280029296875,0
2023-11-23,4066.06005859375,4081.25,4058.35009765625,4066.06005859375,0
2023-11-24,4064.760009765625,4066.139892578125,4034.239990234375,4064.760009765625,0
2023-11-27,4008.7666015625,4046.0,3980.5400390625,4008.7666015625,0
2023-11-28,4008.75,4011.090087890625,3949.409912109375,4008.75,0
2023-11-29,3953.429931640625,3977.570068359375,3940.949951171875,3953.429931640625,0
2023-11-30,3988.85009765625,4052.510009765625,3988.85009765625,3988.85009765625,0
2023-12-01,4014.580078125,4019.159912109375,3958.75,4014.580078125,0
2023-12-04,3973.131591796875,4020.1298828125,3979.4716796875,3973.131591796875,0
2023-12-05,4018.75,4030.0,4014.43994140625,4018.75,0
2023-12-06,4010.5,4010.5,3972.75,4010.5,0
2023-12-07,4000.10009765625,4011.68994140625,3987.0,4000.10009765625,0
2023-12-08,3997.72998046875,3997.72998046875,3981.510009765625,3997.72998046875,0
2023-12-11,3948.1640625,3998.679931640625,3967.6298828125,3948.1640625,0
2023-12-12,3966.25,3997.1298828125,3961.590087890625,3966.25,0
2023-12-13,3987.139892578125,3996.89990234375,3984.800048828125,3987.139892578125,0
2023-12-14,3968.25,3968.25,3940.330078125,3968.25,0
2023-12-15,3964.5,3982.199951171875,3940.93994140625,3964.5,0
2023-12-18,3946.10205078125,3995.1298828125,3927.14990234375,3946.10205078125,0
2023-12-19,3932.75,3932.760009765625,3911.25,3932.75,0
2023-12-20,3941.25,3958.10009765625,3932.60009765625,3941.25,0
2023-12-21,3939.8798828125,3947.739990234375,3931.5,3939.8798828125,0
2023-12-22,3944.75,3947.169921875,3903.320068359375,3944.75,0
2023-12-25,3904.773193359375,3951.080078125,3907.3984375,3904.773193359375,0
2023-12-26,3951.080078125,3951.080078125,3862.5400390625,3951.080078125,0
2023-12-27,3858.0,3863.929931640625,3830.8798828125,3858.0,0
2023-12-28,3832.75,3832.75,3818.169921875,3832.75,0
2023-12-29,3879.75,3882.3798828125,3872.199951171875,3879.75,0
2024-01-01,3836.099609375,3883.090087890625,3839.57275390625,3836.099609375,0
2024-01-02,3883.090087890625,3893.510009765625,3830.931884765625,3883.090087890625,0
2024-01-03,3887.47998046875,3916.39990234375,3832.609619140625,3887.47998046875,0
2024-01-04,3896.75,3933.199951171875,3893.56005859375,3896.75,0
2024-01-05,3927.1298828125,3940.159912109375,3872.360107421875,3927.1298828125,0
2024-01-08,3874.189208984375,3921.530029296875,3876.77490234375,3874.189208984375,0
2024-01-09,3882.75,3935.590087890625,3881.77001953125,3882.75,0
2024-01-10,3938.25,3961.97998046875,3938.22998046875,3938.25,0
2024-01-11,3934.75,3937.1298828125,3917.8798828125,3934.75,0
2024-01-12,3916.72998046875,3924.7900390625,3889.89990234375,3916.72998046875,0
2024-01-15,3867.40234375,3921.679931640625,3873.82958984375,3867.40234375,0
2024-01-16,3909.47998046875,3945.570068359375,3901.25,3909.47998046875,0
2024-01-17,3948.60009765625,3983.75,3946.760009765625,3948.60009765625,0
2024-01-18,3956.429931640625,3956.429931640625,3921.0,3956.429931640625,0
2024-01-19,3919.389892578125,3926.0,3907.97998046875,3919.389892578125,0
2024-01-22,3869.931640625,3914.070068359375,3900.60009765625,3869.931640625,0
2024-01-23,3900.60009765625,3954.5,3900.60009765625,3900.60009765625,0
2024-01-24,3955.9599609375,3955.9599609375,3921.760009765625,3955.9599609375,0
2024-01-25,3913.97998046875,3942.39990234375,3911.7099609375,3913.97998046875,0
2024-01-26,3937.5,3944.72998046875,3908.75,3937.5,0
2024-01-29,3893.13818359375,3937.409912109375,3900.219970703125,3893.13818359375,0
2024-01-30,3926.72998046875,3938.929931640625,3912.760009765625,3926.72998046875,0
2024-01-31,3919.260009765625,3924.0,3907.56005859375,3919.260009765625,0
2024-02-01,3915.280029296875,3915.280029296875,3878.8798828125,3915.280029296875,0
2024-02-02,3884.60009765625,3934.02001953125,3884.60009765625,3884.60009765625,0
2024-02-05,3877.0126953125,3959.300048828125,3921.6201171875,3877.0126953125,0
2024-02-06,3962.610107421875,3966.3701171875,3939.139892578125,3962.610107421875,0
2024-02-07,3950.090087890625,3958.75,3947.6298828125,3950.090087890625,0
2024-02-08,3953.4599609375,3961.5400390625,3940.360107421875,3953.4599609375,0
2024-02-09,3945.0,3950.0,3933.239990234375,3945.0,0
2024-02-12,3892.5009765625,3927.89990234375,3888.19140625,3892.5009765625,0
2024-02-13,3911.919921875,3938.169921875,3909.25,3911.919921875,0
2024-02-14,3923.320068359375,3926.0,3915.25,3923.320068359375,0
2024-02-15,3913.2099609375,3913.489990234375,3907.530029296875,3913.2099609375,0
2024-02-16,3907.3798828125,3928.300048828125,3907.3798828125,3907.3798828125,0
2024-02-19,3863.140869140625,3914.75,3903.35009765625,3863.140869140625,0
2024-02-20,3916.35009765625,3919.85009765625,3903.989990234375,3916.35009765625,0
2024-02-21,3916.889892578125,3933.97998046875,3913.0,3916.889892578125,0
2024-02-22,3923.449951171875,3939.570068359375,3919.330078125,3923.449951171875,0
2024-02-23,3926.8798828125,3956.070068359375,3925.429931640625,3926.8798828125,0
2024-02-26,3879.02001953125,3968.050048828125,3923.409912109375,3879.02001953125,0
2024-02-27,3959.7099609375,3963.0,3928.6298828125,3959.7099609375,0
2024-02-28,3929.9599609375,3938.030029296875,3928.139892578125,3929.9599609375,0
2024-02-29,3923.18994140625,3940.260009765625,3922.89990234375,3923.18994140625,0
2024-03-01,3926.1298828125,3944.64990234375,3922.35009765625,3926.1298828125,0
2024-03-04,3867.059814453125,3962.60009765625,3940.550048828125,3867.059814453125,0
2024-03-05,3943.610107421875,3946.580078125,3939.56005859375,3943.610107421875,0
2024-03-06,3942.97998046875,3942.97998046875,3924.97998046875,3942.97998046875,0
2024-03-07,3921.929931640625,3925.25,3913.7900390625,3921.929931640625,0
2024-03-08,3914.010009765625,3915.0,3902.280029296875,3914.010009765625,0
2024-03-11,3865.880859375,3910.6298828125,3894.929931640625,3865.880859375,0
2024-03-12,3907.25,3918.010009765625,3907.25,3907.25,0
2024-03-13,3901.1201171875,3919.800048828125,3901.110107421875,3901.1201171875,0
2024-03-14,3901.25,3905.320068359375,3899.85009765625,3901.25,0
2024-03-15,3895.199951171875,3909.4599609375,3889.5,3895.199951171875,0
2024-03-18,3848.223388671875,3892.3798828125,3877.669921875,3848.223388671875,0
2024-03-19,3887.8798828125,3908.25,3886.419921875,3887.8798828125,0
2024-03-20,3873.929931640625,3888.0400390625,3873.0,3873.929931640625,0
2024-03-21,3878.860107421875,3882.340087890625,3857.3701171875,3878.860107421875,0
2024-03-22,3887.85009765625,3913.1201171875,3885.93994140625,3887.85009765625,0
2024-03-25,3838.925048828125,3997.25,3854.303955078125,3838.925048828125,0
2024-03-26,3946.1201171875,3949.080078125,3863.75,3946.1201171875,0
2024-03-27,3855.5,3877.35009765625,3836.25,3855.5,0
2024-03-28,3846.3798828125,3861.219970703125,3814.47119140625,3846.3798828125,0
2024-03-29,3857.25,3863.64990234375,3825.1943359375,3857.25,0
2024-04-01,3859.449951171875,3863.75,3845.300048828125,3859.449951171875,0
2024-04-02,3861.06005859375,3876.320068359375,3839.85009765625,3861.06005859375,0
2024-04-03,3830.25,3837.47998046875,3795.3798828125,3830.25,0
2024-04-04,3811.610107421875,3811.610107421875,3760.97998046875,3811.610107421875,0
2024-04-05,3768.25,3771.31005859375,3753.570068359375,3768.25,0
2024-04-08,3773.340087890625,3786.469970703125,3756.070068359375,3773.340087890625,0
2024-04-09,3771.35009765625,3774.179931640625,3763.3798828125,3771.35009765625,0
2024-04-10,3765.25,3828.300048828125,3768.3701171875,3765.25,0
2024-04-11,3802.25,3826.47998046875,3788.929931640625,3802.25,0
2024-04-12,3822.25,3876.760009765625,3822.25,3822.25,0
2024-04-15,3813.10009765625,3882.780029296875,3813.10009765625,3813.10009765625,0
2024-04-16,3884.25,3946.090087890625,3882.139892578125,3884.25,0
2024-04-17,3921.5,3921.5,3867.989990234375,3921.5,0
2024-04-18,3890.39990234375,3932.1298828125,3883.840087890625,3890.39990234375,0
2024-04-19,3926.64990234375,3960.760009765625,3911.840087890625,3926.64990234375,0
2024-04-22,3912.6201171875,3939.56005859375,3912.6201171875,3912.6201171875,0
2024-04-23,3909.85009765625,3921.72998046875,3898.610107421875,3909.85009765625,0
2024-04-24,3903.199951171875,3938.659912109375,3903.199951171875,3903.199951171875,0
2024-04-25,3937.5,3967.6298828125,3935.52001953125,3937.5,0
2024-04-26,3956.010009765625,3956.02001953125,3930.18994140625,3956.010009765625,0
2024-04-29,3963.489990234375,3963.489990234375,3879.85009765625,3963.489990234375,0
2024-04-30,3907.260009765625,3907.260009765625,3855.989990234375,3907.260009765625,0
2024-05-01,3907.75,3914.2099609375,3898.030029296875,3907.75,0
2024-05-02,3912.25,3912.25,3886.0,3912.25,0
2024-05-03,3895.75,3908.35009765625,3862.5,3895.75,0
2024-05-06,3886.2900390625,3899.5400390625,3840.615966796875,3886.2900390625,0
2024-05-07,3892.75,3893.550048828125,3882.929931640625,3892.75,0
2024-05-08,3887.25,3909.27001953125,3884.56005859375,3887.25,0
2024-05-09,3896.25,3914.5,3894.8701171875,3896.25,0
2024-05-10,3888.760009765625,3899.85009765625,3879.260009765625,3888.760009765625,0
2024-05-13,3889.110107421875,3889.3701171875,3885.760009765625,3889.110107421875,0
2024-05-14,3886.949951171875,3881.93994140625,3832.640625,3886.949951171875,0
2024-05-15,3851.75,3858.0,3822.340087890625,3851.75,0
2024-05-16,3822.31005859375,3832.22998046875,3821.8798828125,3822.31005859375,0
2024-05-17,3826.3798828125,3835.22998046875,3823.889892578125,3826.3798828125,0
2024-05-20,3805.419921875,3834.889892578125,3805.419921875,3805.419921875,0
2024-05-21,3824.919921875,3828.3798828125,3808.22998046875,3824.919921875,0
2024-05-22,3821.06005859375,3831.199951171875,3813.669921875,3821.06005859375,0
2024-05-23,3827.89990234375,3842.239990234375,3821.780029296875,3827.89990234375,0
2024-05-24,3864.39990234375,3902.6298828125,3852.0,3864.39990234375,0
2024-05-27,3862.989990234375,3876.760009765625,3856.35009765625,3862.989990234375,0
2024-05-28,3868.239990234375,3868.760009765625,3846.969970703125,3868.239990234375,0
2024-05-29,3858.389892578125,3874.409912109375,3858.389892578125,3858.389892578125,0
2024-05-30,3867.5,3878.389892578125,3863.949951171875,3867.5,0
2024-05-31,3864.75,3864.75,3812.480712890625,3864.75,0
2024-06-03,3855.89990234375,3872.25,3854.25,3855.89990234375,0
2024-06-04,3856.239990234375,3914.14990234375,3856.239990234375,3856.239990234375,0
2024-06-05,3924.760009765625,3934.659912109375,3916.679931640625,3924.760009765625,0
2024-06-06,3930.0,3944.010009765625,3930.0,3930.0,0
2024-06-07,3939.75,3960.64990234375,3935.25,3939.75,0
2024-06-10,3965.89990234375,3992.830078125,3939.267333984375,3965.89990234375,0
2024-06-11,3963.340087890625,3963.340087890625,3929.25,3963.340087890625,0
2024-06-12,3988.85009765625,4015.699951171875,3979.22998046875,3988.85009765625,0
2024-06-13,4025.0,4086.510009765625,4018.18994140625,4025.0,0
2024-06-14,4143.75,4161.25,4139.25,4143.75,0
2024-06-17,4136.81982421875,4165.509765625,4133.7998046875,4136.81982421875,0
2024-06-18,4131.5,4128.8798828125,4074.949951171875,4131.5,0
2024-06-19,4146.25,4158.85986328125,4100.85107421875,4146.25,0
2024-06-20,4160.75,4176.2998046875,4151.75,4160.75,0
2024-06-21,4162.7001953125,4170.47021484375,4130.52978515625,4162.7001953125,0
2024-06-24,4161.56005859375,4161.56005859375,4099.94970703125,4161.56005859375,0
2024-06-25,4086.75,4101.39990234375,4074.080078125,4086.75,0
2024-06-26,4088.72998046875,4133.509765625,4088.72998046875,4088.72998046875,0
2024-06-27,4144.75,4178.22998046875,4123.56982421875,4144.75,0
2024-06-28,4173.8798828125,4173.8798828125,4137.240234375,4173.8798828125,0
2024-07-01,4176.7998046875,4176.7998046875,4088.386474609375,4176.7998046875,0
2024-07-02,4132.25,4144.259765625,4128.43994140625,4132.25,0
2024-07-03,4117.9501953125,4123.41015625,4103.27001953125,4117.9501953125,0
2024-07-04,4102.25,4102.25,4092.0,4102.25,0
2024-07-05,4091.0,4111.25,4072.110107421875,4091.0,0
2024-07-08,4094.68994140625,4094.68994140625,4062.669921875,4094.68994140625,0
2024-07-09,4064.75,4064.75,4023.449951171875,4064.75,0
2024-07-10,4046.39990234375,4046.39990234375,3976.360107421875,4046.39990234375,0
2024-07-11,3968.77001953125,3985.8701171875,3938.2900390625,3968.77001953125,0
2024-07-12,3972.830078125,3975.7099609375,3929.18994140625,3972.830078125,0
2024-07-15,3961.89990234375,3989.72998046875,3945.490966796875,3961.89990234375,0
2024-07-16,3935.199951171875,3984.760009765625,3931.169921875,3935.199951171875,0
2024-07-17,3975.360107421875,4022.4599609375,3960.81005859375,3975.360107421875,0
2024-07-18,3998.5,4019.159912109375,3984.219970703125,3998.5,0
2024-07-19,4021.409912109375,4025.659912109375,4006.320068359375,4021.409912109375,0
2024-07-22,4046.719970703125,4046.719970703125,4003.489990234375,4046.719970703125,0
2024-07-23,3992.25,4013.510009765625,3992.25,3992.25,0
2024-07-24,4014.75,4038.72998046875,4014.75,4014.75,0
2024-07-25,4043.050048828125,4049.110107421875,4035.429931640625,4043.050048828125,0
2024-07-26,4029.75,4042.030029296875,4000.6298828125,4029.75,0
2024-07-29,4021.06005859375,4076.949951171875,4021.06005859375,4021.06005859375,0
2024-07-30,4064.64990234375,4100.240234375,4045.7900390625,4064.64990234375,0
2024-07-31,4082.25,4074.389892578125,4061.860107421875,4082.25,0
2024-08-01,4051.75,4055.75,4039.300048828125,4051.75,0
2024-08-02,4084.89990234375,4098.89013671875,4084.68994140625,4084.89990234375,0
2024-08-05,4050.260009765625,4207.52001953125,4050.260009765625,4050.260009765625,0
2024-08-06,4163.06982421875,4163.06982421875,4135.2001953125,4163.06982421875,0
2024-08-07,4138.0,4138.0,4136.39990234375,4138.0,0
2024-08-08,4134.89013671875,4134.89013671875,4099.25,4134.89013671875,0
2024-08-09,4079.75,4103.9599609375,4079.75,4079.75,0
2024-08-12,4069.25,4075.72998046875,4048.75,4069.25,0
2024-08-13,4051.550048828125,4056.89990234375,4035.090087890625,4051.550048828125,0
2024-08-14,4035.219970703125,4035.219970703125,4012.330078125,4035.219970703125,0
2024-08-15,4014.75,4022.25,4004.8798828125,4014.75,0
2024-08-16,4007.35009765625,4023.0,4004.97998046875,4007.35009765625,0
2024-08-19,4032.239990234375,4032.239990234375,4018.0,4032.239990234375,0
2024-08-20,4027.25,4047.760009765625,3997.25,4027.25,0
2024-08-21,4007.25,4012.199951171875,4002.4599609375,4007.25,0
2024-08-22,4025.25,4073.52001953125,4025.25,4025.25,0
2024-08-23,4067.75,4067.75,4018.659912109375,4067.75,0
2024-08-26,4022.25,4028.27001953125,4014.300048828125,4022.25,0
2024-08-27,4025.949951171875,4045.18994140625,4023.659912109375,4025.949951171875,0
2024-08-28,4040.090087890625,4069.429931640625,4038.8798828125,4040.090087890625,0
2024-08-29,4083.25,4136.06982421875,4080.52001953125,4083.25,0
2024-08-30,4125.1298828125,4170.9501953125,4114.64013671875,4125.1298828125,0
2024-09-02,4125.7900390625,4177.75,4125.7900390625,4125.7900390625,0
2024-09-03,4145.509765625,4196.47021484375,4116.50390625,4145.509765625,0
2024-09-04,4180.0498046875,4192.0,4172.77978515625,4180.0498046875,0
2024-09-05,4182.25,4182.25,4165.31005859375,4182.25,0
2024-09-06,4163.330078125,4167.7998046875,4119.52978515625,4163.330078125,0
2024-09-09,4172.830078125,4238.18017578125,4165.0,4172.830078125,0
2024-09-10,4208.25,4299.25,4208.25,4208.25,0
2024-09-11,4283.6298828125,4292.0,4247.75,4283.6298828125,0
2024-09-12,4268.22998046875,4271.5,4231.0498046875,4268.22998046875,0
2024-09-13,4209.25,4211.91015625,4166.97998046875,4209.25,0
2024-09-16,4198.68994140625,4236.10009765625,4171.75,4198.68994140625,0
2024-09-17,4224.75,4259.22998046875,4202.60986328125,4224.75,0
2024-09-18,4203.5,4225.56982421875,4187.43994140625,4203.5,0
2024-09-19,4188.5,4188.5,4172.85986328125,4188.5,0
2024-09-20,4163.5,4167.5498046875,4151.0,4163.5,0
2024-09-23,4152.22998046875,4157.41015625,4142.47998046875,4152.22998046875,0
2024-09-24,4160.0,4160.0,4140.43994140625,4160.0,0
2024-09-25,4147.0,4204.5,4144.740234375,4147.0,0
2024-09-26,4199.0,4207.8798828125,4180.169921875,4199.0,0
2024-09-27,4164.75,4192.0,4148.25,4164.75,0
2024-09-30,4179.31005859375,4179.31005859375,4112.98779296875,4179.31005859375,0
2024-10-01,4191.509765625,4220.330078125,4132.87255859375,4191.509765625,0
2024-10-02,4219.52001953125,4228.0,4193.56982421875,4219.52001953125,0
2024-10-03,4181.35986328125,4199.35986328125,4181.35986328125,4181.35986328125,0
2024-10-04,4185.10986328125,4201.6298828125,4168.490234375,4185.10986328125,0
2024-10-07,4163.47021484375,4200.25,4153.0,4163.47021484375,0
2024-10-08,4212.75,4246.75,4211.7998046875,4212.75,0
2024-10-09,4229.330078125,4237.1298828125,4228.22998046875,4229.330078125,0
2024-10-10,4232.740234375,4232.740234375,4212.72998046875,4232.740234375,0
2024-10-11,4210.75,4219.0,4178.7099609375,4210.75,0
2024-10-14,4195.06005859375,4211.22998046875,4167.193359375,4195.06005859375,0
2024-10-15,4207.490234375,4242.25,4205.35986328125,4207.490234375,0
2024-10-16,4242.25,4260.2001953125,4242.25,4242.25,0
2024-10-17,4256.0,4268.4501953125,4252.72998046875,4256.0,0
2024-10-18,4251.0,4261.64990234375,4225.580078125,4251.0,0
2024-10-21,4236.10009765625,4295.669921875,4236.10009765625,4236.10009765625,0
2024-10-22,4276.0,4286.0,4249.7998046875,4276.0,0
2024-10-23,4262.27978515625,4295.0498046875,4261.0,4262.27978515625,0
2024-10-24,4306.75,4313.85986328125,4296.06005859375,4306.75,0
2024-10-25,4293.5,4329.89990234375,4283.990234375,4293.5,0
2024-10-28,4324.14013671875,4347.9501953125,4319.52978515625,4324.14013671875,0
2024-10-29,4352.75,4354.14013671875,4337.16015625,4352.75,0
2024-10-30,4394.39013671875,4404.1298828125,4359.27001953125,4394.39013671875,0
2024-10-31,4412.52978515625,4413.330078125,4397.240234375,4412.52978515625,0
2024-11-01,4420.0498046875,4420.0498046875,4398.02978515625,4420.0498046875,0
2024-11-04,4372.65087890625,4421.64990234375,4365.12939453125,4372.65087890625,0
2024-11-05,4413.25,4425.39013671875,4408.22021484375,4413.25,0
2024-11-06,4414.75,4439.830078125,4405.89990234375,4414.75,0
2024-11-07,4411.25,4411.25,4335.8798828125,4411.25,0
2024-11-08,4321.5,4348.3798828125,4321.5,4321.5,0
2024-11-11,4281.53125,4359.240234375,4313.61328125,4281.53125,0
2024-11-12,4358.759765625,4449.330078125,4315.2607421875,4358.759765625,0
2024-11-13,4434.75,4528.18994140625,4410.7880859375,4434.75,0
2024-11-14,4477.25,4489.18017578125,4455.93017578125,4477.25,0
2024-11-15,4480.0,4483.56982421875,4447.0,4480.0,0
2024-11-18,4451.66162109375,4428.64013671875,4385.18994140625,4451.66162109375,0
2024-11-19,4395.25,4437.33984375,4390.16015625,4395.25,0
2024-11-20,4390.64013671875,4406.43017578125,4390.52978515625,4390.64013671875,0
2024-11-21,4392.5,4402.1201171875,4383.6298828125,4392.5,0
2024-11-22,4388.5498046875,4426.10986328125,4387.47998046875,4388.5498046875,0
2024-11-25,4341.76318359375,4414.740234375,4361.89990234375,4341.76318359375,0
2024-11-26,4383.0,4409.6298828125,4382.0,4383.0,0
2024-11-27,4401.25,4411.080078125,4397.52001953125,4401.25,0
2024-11-28,4382.75,4424.9501953125,4375.52978515625,4382.75,0
2024-11-29,4416.4599609375,4432.8701171875,4382.0,4416.4599609375,0
2024-12-02,4327.994140625,4479.22998046875,4423.25,4423.25,0
2024-12-03,4457.75,4460.6298828125,4436.830078125,4457.75,0
2024-12-04,4435.5,4442.68017578125,4414.080078125,4435.5,0
2024-12-05,4425.75,4442.490234375,4400.259765625,4425.75,0
2024-12-06,4413.669921875,4413.68017578125,4395.08984375,4413.669921875,0
2024-12-09,4376.15234375,4420.240234375,4373.02978515625,4376.15234375,0
2024-12-10,4391.10009765625,4400.89013671875,4366.64013671875,4391.10009765625,0
2024-12-11,4366.75,4371.509765625,4351.47998046875,4366.75,0
2024-12-12,4336.25,4348.8701171875,4322.4501953125,4336.25,0
2024-12-13,4343.259765625,4361.64013671875,4330.0,4343.259765625,0
2024-12-16,4292.17236328125,4338.009765625,4310.169921875,4292.17236328125,0
2024-12-17,4317.0498046875,4356.93994140625,4317.0498046875,4317.0498046875,0
2024-12-18,4343.77978515625,4366.990234375,4339.75,4343.77978515625,0
2024-12-19,4371.33984375,4405.85009765625,4371.33984375,4371.33984375,0
2024-12-20,4376.68994140625,4380.2001953125,4358.2099609375,4376.68994140625,0
2024-12-23,4311.7841796875,4401.35986328125,4379.830078125,4311.7841796875,0
2024-12-24,4410.25,4410.25,4364.43017578125,4410.25,0
2024-12-25,4372.16015625,4391.60986328125,4364.7890625,4372.16015625,0
2024-12-26,4411.06005859375,4411.06005859375,4355.759765625,4411.06005859375,0
2024-12-27,4393.25,4406.8798828125,4388.77978515625,4393.25,0
2024-12-30,4350.453125,4417.5,4400.4599609375,4350.453125,0
2024-12-31,4403.169921875,4404.06005859375,4403.169921875,4403.169921875,0
2025-01-02,4403.169921875,4428.080078125,4390.77978515625,4403.7900390625,0
2025-01-03,4382.35009765625,4389.0,4342.4501953125,4382.35009765625,0
2025-01-06,4319.55029296875,4367.25,4299.708984375,4320.513671875,0
2025-01-07,4338.25,4355.27978515625,4313.75,4338.25,0
2025-01-08,4335.580078125,4374.25,4331.35009765625,4335.580078125,0
2025-01-09,4325.0,4327.2998046875,4276.021484375,4325.0,0
2025-01-10,4330.39013671875,4344.93017578125,4325.580078125,4330.39013671875,0
2025-01-13,4300.29736328125,4347.2998046875,4326.080078125,4300.29736328125,0
2025-01-14,4304.75,4309.5,4288.5,4304.75,0
2025-01-15,4284.7001953125,4313.0,4274.1201171875,4284.7001953125,0
2025-01-16,4301.18994140625,4349.0498046875,4301.18994140625,4301.18994140625,0
2025-01-17,4340.0,4354.830078125,4334.4501953125,4340.0,0
2025-01-20,4297.4140625,4341.14013671875,4320.14990234375,4297.4140625,0
2025-01-21,4321.60009765625,4321.60009765625,4302.97998046875,4321.60009765625,0
2025-01-22,4308.7001953125,4308.7001953125,4264.2001953125,4308.7001953125,0
2025-01-23,4259.25,4263.75,4239.4501953125,4259.25,0
2025-01-24,4224.509765625,4229.259765625,4170.1298828125,4224.509765625,0
2025-01-27,4175.05126953125,4249.3798828125,4194.93017578125,4175.05126953125,0
2025-01-28,4193.77978515625,4231.97998046875,4192.509765625,4193.77978515625,0
2025-01-29,4217.43994140625,4217.43994140625,4170.37451171875,4217.43994140625,0
2025-01-30,4167.830078125,4179.330078125,4143.240234375,4167.830078125,0
2025-01-31,4160.0498046875,4205.080078125,4156.8798828125,4160.0498046875,0
2025-02-03,4170.0439453125,4230.7001953125,4167.22021484375,4170.0439453125,0
2025-02-04,4160.669921875,4177.5498046875,4145.919921875,4160.669921875,0
2025-02-05,4164.0,4193.080078125,4162.31982421875,4164.0,0
2025-02-06,4174.81982421875,4177.93994140625,4143.830078125,4174.81982421875,0
2025-02-07,4140.81005859375,4142.43017578125,4103.009765625,4140.81005859375,0
2025-02-10,4105.4619140625,4153.18994140625,4118.14990234375,4105.4619140625,0
2025-02-11,4134.25,4155.75,4134.25,4134.25,0
2025-02-12,4139.81982421875,4171.56005859375,4091.676025390625,4139.81982421875,0
2025-02-13,4165.35009765625,4183.25,4136.75,4165.35009765625,0
2025-02-14,4137.6298828125,4141.75,4087.0,4137.6298828125,0
2025-02-17,4077.534912109375,4137.33984375,4108.259765625,4077.534912109375,0
2025-02-18,4134.25,4134.60986328125,4084.74609375,4134.25,0
2025-02-19,4091.330078125,4100.25,4084.969970703125,4091.330078125,0
2025-02-20,4097.0,4099.2001953125,4052.88671875,4097.0,0
2025-02-21,4073.25,4079.010009765625,4063.610107421875,4073.25,0
2025-02-24,4030.2900390625,4118.7998046875,4076.320068359375,4030.2900390625,0
2025-02-25,4116.0,4124.39990234375,4111.41015625,4116.0,0
2025-02-26,4125.5,4135.7001953125,4120.81982421875,4125.5,0
2025-02-27,4103.080078125,4124.64990234375,4098.3701171875,4103.080078125,0
2025-02-28,4130.5,4146.89990234375,4119.8798828125,4130.5,0
2025-03-03,4090.85205078125,4145.31005859375,4111.080078125,4090.85205078125,0
2025-03-04,4124.25,4165.27978515625,4060.428466796875,4124.25,0
2025-03-05,4152.0498046875,4164.0,4122.759765625,4152.0498046875,0
2025-03-06,4111.25,4112.259765625,4100.4599609375,4111.25,0
2025-03-07,4106.25,4125.39990234375,4096.93017578125,4106.25,0
2025-03-10,4060.3515625,4163.25,4104.740234375,4060.3515625,0
2025-03-11,4179.5,4180.66015625,4142.43017578125,4179.5,0
2025-03-12,4123.25,4134.52001953125,4101.2998046875,4123.25,0
2025-03-13,4107.75,4123.89990234375,4103.22998046875,4107.75,0
2025-03-14,4123.25,4123.25,4091.6298828125,4123.25,0
2025-03-17,4069.672607421875,4128.8798828125,4064.39990234375,4069.672607421875,0
2025-03-18,4071.5,4138.2001953125,4071.5,4071.5,0
2025-03-19,4117.5,4145.5,4115.0,4117.5,0
2025-03-20,4150.490234375,4172.60986328125,4150.490234375,4150.490234375,0
2025-03-21,4178.39990234375,4186.56005859375,4163.89990234375,4178.39990234375,0
2025-03-24,4116.01953125,4150.75,4142.580078125,4116.01953125,0
2025-03-25,4143.91015625,4146.06982421875,4105.31005859375,4143.91015625,0
2025-03-26,4102.0,4139.72998046875,4102.0,4102.0,0
2025-03-27,4130.18017578125,4154.5400390625,4129.52978515625,4130.18017578125,0
2025-03-28,4166.5,4180.2099609375,4165.60009765625,4166.5,0
2025-03-31,4125.830078125,4200.3798828125,4096.5341796875,4125.830078125,0
2025-04-01,4182.75,4186.14990234375,4138.14013671875,4182.75,0
2025-04-02,4146.75,4166.4501953125,4124.580078125,4146.75,0
2025-04-03,4149.5,4151.47998046875,4104.66015625,4149.5,0
2025-04-04,4158.2001953125,4245.2001953125,4147.77978515625,4158.2001953125,0
2025-04-07,4179.9599609375,4414.75,4179.9599609375,4179.9599609375,0
2025-04-08,4390.5,4405.75,4338.25,4390.5,0
2025-04-09,4422.5,4439.25,4410.14990234375,4422.5,0
2025-04-10,4300.5,4374.1298828125,4300.5,4300.5,0
2025-04-11,4369.0,4377.5,4349.77978515625,4369.0,0
2025-04-14,4277.0498046875,4302.47998046875,4258.27978515625,4277.0498046875,0
2025-04-15,4307.5,4349.9501953125,4300.5,4307.5,0
2025-04-16,4349.25,4354.259765625,4282.259765625,4349.25,0
2025-04-17,4310.3701171875,4310.3701171875,4310.06005859375,4310.3701171875,0
2025-04-22,4279.25,4291.85009765625,4268.6298828125,4279.25,0
2025-04-23,4293.5,4321.0498046875,4260.75,4293.5,0
2025-04-24,4300.5,4300.5,4264.2001953125,4300.5,0
2025-04-25,4255.25,4266.64990234375,4224.7998046875,4255.25,0
2025-04-28,4218.14990234375,4250.75,4215.81005859375,4218.14990234375,0
2025-04-29,4215.25,4215.25,4188.97998046875,4215.25,0
2025-04-30,4195.25,4219.77978515625,4191.8701171875,4195.25,0
2025-05-01,4241.35009765625,4241.35009765625,4230.27001953125,4241.35009765625,0
2025-05-02,4197.08984375,4266.64990234375,4197.08984375,4197.08984375,0
2025-05-05,4266.89990234375,4291.2099609375,4238.93994140625,4266.89990234375,0
2025-05-06,4295.0,4319.75,4294.8798828125,4295.0,0
2025-05-07,4300.85986328125,4319.0,4297.25,4300.85986328125,0
2025-05-08,4297.14990234375,4297.14990234375,4245.89990234375,4297.14990234375,0
2025-05-09,4250.89990234375,4260.2998046875,4231.72021484375,4250.89990234375,0
2025-05-12,4217.25,4223.68017578125,4217.25,4223.68017578125,0
